Tweet content,Latitude,Longitude,sentiment
"Friends are the family who chooses. @ Simes, Galicia, Spain https://t.co/KL0iAZXLXg",42.4333,-8.76667,0.0
"â˜€ï¸ #madrid #espana #chilluh @ Madrid, Spain https://t.co/vQv6zenIoD",40.4,-3.68333,0.0
I'm at Vista Alegre https://t.co/a3nf9Ajce7,40.40939012,-3.71053415,0.0
"Good face to bad daysğŸ˜ŠğŸ˜½ @ MÃ©rida, Spain https://t.co/bNfOkKMW3D",38.9,-6.33333333,5.551115123125783e-17
I'm at Carabanchel https://t.co/odSPplonbj,40.37237368,-3.74059064,0.0
"Spain, Ibiza
Surrounded By Nature, With Stunning Views, In Es Cubells, The Most Sought Afterâ€¦ https://t.co/xRswxX3A4p",38.97761701,1.30102262,0.5
"Spain, Ibiza
Surrounded By Nature, With Stunning Views, In Es Cubells, The Most Sought Afterâ€¦ https://t.co/o794frN551",38.97761701,1.30102262,0.5
At the largest #winery I've seen ever in #logroÃ±o #spain  Biggest premium wine aging cellar inâ€¦ https://t.co/WorqMIstVc,42.465,-2.44555556,0.0
@ivetterequenes .  Can you put name ? To this Chapter ? https://t.co/NqBVGzYZyG,41.2852205,1.9828342,0.0
"Este DOMINGO! @Budweiser_es getmadfestival madklyn â¤ï¸, a las 13:30h! @ Madrid, Spain https://t.co/AL2aBYd5HF",40.4,-3.68333,0.0
"ğŸ™ˆğŸ™ˆ @ Madrid, Spain https://t.co/rGW8H50BUC",40.4,-3.68333,0.0
"Spain, Ibiza
Surrounded By Nature, With Stunning Views, In Es Cubells, The Most Sought Afterâ€¦ https://t.co/Se4sK66iQP",38.97761701,1.30102262,0.5
Just posted a photo @ El Gothic https://t.co/VKsCyC1X0n,41.38392549,2.1755177000000003,0.0
"Off we go on the big #boat !  #sea #voyage #ibiza2016 #Balearia @ Ibiza, Spain https://t.co/DnsiBUKAZU",38.9,1.43333,0.0
Just posted a photo @ Aloha Golf Club https://t.co/FX0SE11SyD,36.51157,-4.95884,0.0
"Ã‰chale un vistazo! @Vic_vec 

The Hitchhiker's Guide to Quantum Field Theory | Boston Review https://t.co/uZiSQN9w9A",41.38480161,2.11627807,0.0
Oh ğŸ¤” @ Burguer King - Perillo https://t.co/HO1lt9TvMP,43.32523,-8.363712,0.0
I just began a running workout using #Endomondo. Peptalk me now @ https://t.co/TB1GjsyxMg,39.495148,2.506139,0.0
"Spain, Ibiza
Surrounded By Nature, With Stunning Views, In Es Cubells, The Most Sought Afterâ€¦ https://t.co/I6OP9ATttV",38.97761701,1.30102262,0.5
I'm at @ADHOCSTUDIOS in Madrid https://t.co/mU5AkDUPXS,40.370888,-3.753099,0.0
"ğŸ’› @ Seville, Spain https://t.co/LUG0KXLmsF",37.3772,-5.98694,0.0
"#Deorro #2015 @ Dreambeach Music Festival 2015, Villericos https://t.co/IXxEtukmMv",37.24366515,-1.79196555,0.0
Just posted a photo @ Fabrica Estrella Damm Barcelona https://t.co/xnOKv031fk,41.40924023,2.17793087,0.0
Enjoying the sun ğŸŒ @ Benalmadena Costa Del Sol https://t.co/q12iu3IOvW,36.60252,-4.5226,0.5
Style is always better with a tan @fakebake_spainâ€¦ https://t.co/ySfgSghlvR,40.0,-4.0,0.5
ğŸ‘  Fitting  acabado ğŸ‘ #madrid #fiting mensfashions #model #saracarbonero #lifestyle #agatajoyas @â€¦ https://t.co/iyAmamR90P,40.4,-3.68333,0.5
My love for the weekend! #lasmorasracingteam #v8racingteam #rs01 #renaultsport #formulamedicineâ€¦ https://t.co/eqRBH6Cz8R,41.07738755,-0.19723171,0.625
Be happy ğŸ˜ŠğŸ˜Š @ Almaraz https://t.co/cqWYXJrSVs,39.8,-5.66666667,0.8
love this place in BarcelonağŸ‡ªğŸ‡¸ğŸ‡ªğŸ‡¸ #barceloneta #barcelona #spain #pistillfinnyineurope @â€¦ https://t.co/uNurx5GTvb,41.3833,2.18333,0.5
"DSS 63 receiving data from @NASAKepler at 249b/s.
IN LOCK IN LOCK 1 TURBO",40.429167,-4.249167,0.0
"ğŸŒŒğŸ’¥ @ Cartagena, Murcia https://t.co/Mxt3c7Adl3",37.6,-0.983333,0.0
Pop Art ğŸ¨ @ Calle Victoria https://t.co/ai0Y36bfkl,36.72411977,-4.41574357,0.0
"Brain is the new sexy.
#Readingissexy @ Cafe Dindurra https://t.co/yS3DdrtYym",43.5392189,-5.6612301,0.3181818181818182
"The tomb of Christopher Columbus 
#whatanasshole @ Seville Cathedral https://t.co/MNmO99nHtr",37.38583333,-5.99305556,0.0
Mood on set today ğŸ™ˆğŸ¤“ğŸ‘» zara @patriciadlcampo @ Inditex https://t.co/hIQvhfP21G,43.31472222,-8.505,0.0
Just posted a photo @ Tattoo Trueque https://t.co/G8ZUd0RS0V,37.35172,-6.03734,0.0
"DSS 63 carrier lock on @NASAKepler
Frequency: 8.4245GHz
Signal strength: -169dBm
IDLE OFF 1 TURBO",40.429167,-4.249167,0.0
"DSS 65 receiving data from GEOTAIL at 131.1kb/s.
IN LOCK OFF 1 MCD2",40.429167,-4.249167,0.0
I'm at Gambrinus Gral Ricardos in Madrid https://t.co/WRdABA4ikd,40.38960665,-3.72722339,0.0
I'm at Metro Oporto - @metro_madrid in Madrid https://t.co/6mPebMAw2K,40.38874009,-3.73169303,0.0
Just posted a video @ Burguer King - Perillo https://t.co/zK1fOKqS82,43.32523,-8.363712,0.0
ding ding ding!!!!,41.545639,1.893817,0.0
"I'm at Cubelles in Cubelles, Barcelona https://t.co/CDF6CWff5S",41.20782898,1.67860065,0.0
Showcooking con produtos de Coren no @c_s_h_g #galiciacalidade @eloy_cf @ CSHG Centro Superiorâ€¦ https://t.co/ayrNxHTWkX,42.87346381,-8.58946323,0.7
I'm at Vista Alegre https://t.co/2f72jDXAY2,40.40939012,-3.71053415,0.0
I'm at Metro Vista Alegre - @metro_madrid in Madrid https://t.co/eOIvVXMZN0,40.38874009,-3.74007225,0.0
I'm at cafeteria golden cakes https://t.co/KQeIKJOnAU,40.38908022,-3.73910301,0.3
Consider everything an experiment @ Ciudad Real https://t.co/635QLkCST4,38.9833,-3.93333,0.2
Waterfalls ğŸ @ Valle del Jerte https://t.co/zRCe3GfvHD,40.22190231,-5.75327124,0.0
I'm at Clinica Dental https://t.co/8zy1o38c5C,40.388993,-3.739286,0.0
I'm at Carabanchel https://t.co/luX4gregQh,40.37237368,-3.74059064,0.0
"MaxğŸ¶ğŸ’™ğŸ’«ğŸ™ƒâ˜ºï¸ğŸŒ¸ @ Liencres, Cantabria, Spain https://t.co/JAMGtqNKGw",43.4667,-3.91667,0.0
Nice cool Heineken @ â‚¬2 a pint not bad @ The Trinity Bar- Cabo Roig https://t.co/93yMYaWV6Y,37.91335632,-0.73726309,0.4333333333333333
"""All you need is LOVE - LOVE is all you need"" Â¡Feliz tarde! #love #mylife #bloggerlife @â€¦ https://t.co/aJ8AXgfBJy",39.94004,-0.09923,0.5416666666666666
#celebrating  12 years of #work at the #restaurant .#cheers #fiesta #chef #me #Spain #barcelonaâ€¦ https://t.co/jAa5zgOwkQ,41.41085560000001,2.17724109,0.0
"...spring at the studio...
#workinprogress #artiststudio #spring #sensuality #juanfranciscocasasâ€¦ https://t.co/QjU7PNmvns",40.4,-3.68333,0.0
ğŸ¾âš“ğŸš¢â¤ @ Crucero Sovereign Pullmantur https://t.co/XggJO1NdJx,41.3859764,2.19636894,0.0
"DSS 65 carrier lock on GEOTAIL
Frequency: 2.2599GHz
Signal strength: -104dBm
IDLE OFF 1 MCD2",40.429167,-4.249167,0.0
Just posted a photo @ Caminomorisco - Las Hurdes https://t.co/SlAWWcoBUk,40.32586859,-6.29236799,0.0
"My lovğŸ’˜ @ Tomares, Andalucia, Spain https://t.co/lvGAIxFTs8",37.3833,-6.03333,0.0
#tapfam in Barcelona!! Taught a 2.5 hour class for these lovely people! My heart is so happyâ€¦ https://t.co/E4l70Zr9C6,41.38941,2.1623199,0.7125
I had the best time traveling to #Madrid #Spain solo last June 2015. spent 3 weeks solo inâ€¦ https://t.co/zeyJbHNSnz,40.4208,-3.71043,0.3
Midday cream #clinique #planner #photooftheday #amazing #smile #follow4follow #like4like #lookâ€¦ https://t.co/rKTFr5pYnF,41.3833,2.18333,0.45000000000000007
#Hoopoe @ Castelldefels https://t.co/sxPUVg8cUj,41.286,1.982,0.0
I can see galaxies in your eyesğŸŒŒğŸ”® @ Sagunto https://t.co/XCSSNQpeXM,39.67638889,-0.27333333,0.0
#CastelldefelsWelcomesRefugees @ Castelldefels https://t.co/e9MIRTyy0M,41.286,1.982,0.0
"@EstherPolo22 Justo, justo.",37.37650977,-5.96919073,0.0
Eyes....#vickymakeupstudio #motd #blackandwhite #wingedliner #nudelipstick #mua #makeupartistâ€¦ https://t.co/L2No9xoDIZ,36.7209,-4.37603,0.0
In love. When you know Love the another is not enough. #planner #photooftheday #amazing #smileâ€¦ https://t.co/lTuUZJaVkH,41.3833,2.18333,0.38
Upgrading my smoothie game ğŸ˜ #healthyfood #healthy #life #lifestyle #barcelona #sunny #thursdayâ€¦ https://t.co/oZbOT36aLU,41.3833,2.18333,0.04999999999999999
"Just posted a photo @ Triana, Seville https://t.co/nIhxDWQ9rW",37.38358056,-6.0052,0.0
Just posted a photo @ Palacio Real de Madrid https://t.co/ncmab2GwjV,40.4181511,-3.71188583,0.2
"Playtime 
#olympuspen #Argenti #blackandwhite #blancoynegro #biancoenero #analogico #analogâ€¦ https://t.co/pnz4JbdezE",41.38277778,2.18527778,0.0
"Love's a sickness that I adore,
A tormenting drug that I am craving for more...#diadelbeso @â€¦ https://t.co/4Al8VNHwb1",37.39773527,-5.98104169,0.5
ESN :  Barcelona's Champions League loss is Spain's gain: Barcelona's Champions League loss is Spain's gain. Spainâ€¦ https://t.co/DL9VyckJa7,40.41970731,-3.69855957,0.0
"ESN :  Mouk toon arrives in Spain: Nottingham Forest, the toon's licensing and merchandising agent in Spain andâ€¦ https://t.co/MrXyg16WXU",40.41970731,-3.69855957,0.0
Oh sand and sun... How I've missed visiting you both together... And in such a lovely town.â€¦ https://t.co/zm4L9dvA0F,41.23499483,1.80675846,0.25
Just posted a photo @ Original T-shirts https://t.co/FMgyfAgc7u,38.67568,-0.1985599,0.375
@GhTopDreams  Hellow hay casting. Abierto?,40.3817027,-3.6665461,0.0
ding ding!!!!,41.545639,1.893817,0.0
"Let's hit to the gym!!! ğŸ’ªğŸ’ªğŸ’ªğŸ’ª
#acTRIonMan #WorkingOut #NoLimits #Lifters  #Triathlete  #Triathlonâ€¦ https://t.co/V0ylb9soSR",40.35859759,-3.83181694,0.0
âœŒğŸ¾ï¸ @ Madrid Arguelles https://t.co/NqoQaU3W8X,40.43282,-3.70726,0.0
"#mubag #soroyaintimo #bocetosdevisiÃ³ndeespaÃ±a #alicante @ Alicante, Spain https://t.co/5wXLD9robf",38.35,-0.483333,0.0
Just posted a photo @ Ronda https://t.co/1aBr83COWl,36.7333,-5.16667,0.0
Just posted a photo @ El Real de la Feria de Abril https://t.co/hNeexoQXzJ,37.37018676,-5.99999846,0.2
"Love's a sickness that I adore,
A tormenting drug that I am craving for more... #diadelbeso @â€¦ https://t.co/j1oELi2uXR",37.39773527,-5.98104169,0.5
Just posted a photo @ Parque Oeste Alcorcon https://t.co/uljF4E9dRp,40.41265489,-3.61241911,0.0
Wonderful presentation @mo_barcelona : the #mobcngastrohub â–¶ï¸ The Peruvian chef @gaston_acurioâ€¦ https://t.co/Nxe1xzfLPz,41.39137314,2.16681896,1.0
The Market â€¢ #laboqueria #boqueria #market #food #fruits #vscocam #vsco #espaÃ±a #socialityâ€¦ https://t.co/EfxBDFvacY,41.38202509,2.17195621,0.0
I'm at Tommy Mel's in Madrid https://t.co/t9oOst2lS3,40.42193899,-3.699781,0.0
isaac__skt 13 Year old ğŸ“½ğŸ¬ By @Lassofilms #skatedays #skatelife #skateboarding #skateeverydayâ€¦ https://t.co/5jXwuerP2W,41.3831406,2.1673901,0.1
#Champions #semifinales #atleticodemadrid #Barcelona #news2 #nonstoppeople @ Gran Via 1 https://t.co/LOCctOjOzV,40.41928357,-3.69808301,0.0
#zayas #ReadyForMore @ Calle General Lacy https://t.co/RDtBI9clrR,40.40208213,-3.69136951,0.05000000000000002
When the lunch is this good!!! ğŸ˜ğŸ˜ğŸ˜â¤ï¸â¤ï¸â¤ï¸ @ LA MUSA MALASAÃ‘A https://t.co/pzyd1Ix9oQ,40.42873939,-3.70438358,1.0
"Just posted a photo @ Madrid, Spain https://t.co/8m7CAOgGZ4",40.4,-3.68333,0.0
The paper flag is how you know it's really ~authentic~ ğŸ‡ªğŸ‡¸ @ Parque del Retiro - Madrid https://t.co/rOKP7g2uZx,40.41669031,-3.68407959,0.5
First goes attitude then comes style. @ Francesc Macia https://t.co/0VRNdTLJLt,41.38924241,2.13268876,0.25
"I'm at Euroleague Basketball HQ in Barcelona, CT https://t.co/A2YTbyXJhW",41.40849245,2.128988,0.0
Just posted a photo @ Valencia https://t.co/zFmpKk5qbe,39.46666667,-0.38333333,0.0
I'm at Albergue La Gallega https://t.co/SuiynmYeOn,42.59961471,-6.72468149,0.0
cosicas @ Temple of Debod https://t.co/F7rLds7UtR,40.42405278,-3.71777778,0.0
Thirsty Thursday in Barcelona! Love a fresh juice on a beautiful day like today â˜€ï¸ #studyabroadâ€¦ https://t.co/Fg5sq21Hq3,41.38214,2.17216,0.5499999999999999
"How cute is this street art sticker? Apparently in remembrance of dalithepoodle  

#poodle #dogâ€¦ https://t.co/WEGCRZRVgm",41.40694444,2.14972222,0.275
I'm at luxury in Granada w/ @fcavusogluu https://t.co/E44ouyd1gP,37.170284,-3.598101,0.0
"Not bad.â¤ğŸ‘Œ @ Torre Eiffel, Paris https://t.co/TK5NdsXnsb",40.34806708,-3.70454373,0.3499999999999999
"If you always miss somewhere, did you ever really leave? Te extraÃ±o mi querida EspaÃ±a. ğŸ’ƒğŸ¼ğŸ‡ªğŸ‡¸â¤ï¸ğŸ’›â¤ï¸â€¦ https://t.co/goyVvh3uUY",43.38519076,-4.29035639,0.2
Just posted a photo @ Seville Cathedral https://t.co/cdV6Oq34dm,37.38583333,-5.99305556,0.0
We're #hiring! Click to apply: Cloud Inside Sales Professional - French - https://t.co/KKaqxLK4le #Sales #Campanillas #Job #Jobs #CareerArc,36.7526615,-4.5593849,0.05
New Shit Ya Dispoâš¡ï¸Official Crown Of Laurel  @ Block Shop Bcn // Metro Universitat L1 // Webshopâ€¦ https://t.co/OV1Cb3ajXw,41.38419868,2.17342615,-0.03181818181818183
Just posted a photo @ Hospitalet de Llobregat Collblanc https://t.co/BIwemvbNau,41.37289819,2.12272483,0.0
"#strawberries on the #beach, 3.30 â‚¬ a crate full! #EatYourselfSlim #spain @ Fuengirola Beach https://t.co/RV5oAkRmMI",36.5415,-4.62404,0.4375
"DSS 54 carrier lock on SOHO
Frequency: 2.2446GHz
Signal strength: -137dBm
IDLE OFF 1 MCD2",40.429167,-4.249167,0.0
ding!!!!,41.545639,1.893817,0.0
Global Research Center https://t.co/nvMh4qy8iB,43.3821457,-3.218543,-0.05
@GaryLineker just been to Barcelona museum and saw this. I only had one Barcelona shirt and it had Lineker on back https://t.co/qnbPRF7DXN,41.3792811,2.1223793,0.0
"#elegancegel #eleganceworldwide

https://t.co/a3fSyMpDHa

Product used in photo: elegance Hairâ€¦ https://t.co/lCHCraTpsr",36.47579603,-6.18630701,0.0
Just posted a photo @ El Real De La Feria https://t.co/q4Xg09a153,37.34418138,-5.93169973,0.2
Just posted a photo @ El Real de la Feria de Abril https://t.co/CIlwFd7R2r,37.37018676,-5.99999846,0.2
"Just posted a photo @ San Juan De Alicante, Valenciana, Spain https://t.co/OJLRsiLv3g",38.4,-0.433333,0.0
#casual #burger @ Sancho casual burger https://t.co/rhKlrNSA90,37.15727968,-3.58379415,-0.5000000000000001
"zindagidesign Essentials!

SHOP ONLINE â¡ https://t.co/t6ywHH5L8n

#zindagi #zindagidesignâ€¦ https://t.co/IGDo8Qontt",40.4369087,-3.69979,0.0
Let's Dance... no time for romance! @ SALA Buddha https://t.co/67qYmdB5gb,40.1232836,-3.8481846,0.0
Enjoying a #coffee outside the #studio in the #sunshine #CostaDelSol @ 93.6 Global Radio https://t.co/hDP9tbWPFp,36.49092559,-4.69469018,0.16666666666666666
"Just bumped into Spider-Man #madrid #plazamayor @ Playa Mayor, Madrid https://t.co/SzRErpKinW",40.41535295,-3.7071582,0.0
Just posted a photo @ Vitoria Gasteiz-Alava https://t.co/xTvOBRfUvh,42.84559634,-2.67237577,0.0
I was out mountain biking 22.30 km with #Endomondo #endorphins https://t.co/8STXYIiym3,40.428465,-3.682182,0.0
'Love is like art...must always be free' ğŸƒ #sense8 #quote #cursijueves @ IFEMA - Feria de Madrid https://t.co/NrIJWBM4zB,40.46721802,-3.61671203,0.45
Just posted a photo @ Mercado san Miguel Madrid https://t.co/rre0Kl7Mxc,40.41531372,-3.7090199,0.0
I just finished cycling 10.78 km in 39m:57s with #Endomondo #endorphins https://t.co/uIeuETf4jm,38.941743,-3.230633,0.0
I'm at Starbucks Coffee - @starbucks_es in Madrid w/ @naaaandoooo https://t.co/PHjjWwEJZB,40.459112,-3.685414,0.0
Shut up and dance. #razz @ El Dirty de Razzmatazz https://t.co/x8Dfu5DWZl,41.39774,2.19108,-0.6
"RealLy CaPiTanoO ğŸ‘ğŸ‘ğŸ’ª @ Madrid, Spain https://t.co/fi9hNzPTIt",40.4,-3.68333,0.2
Off day and Re-Feed yesterday. Looking forward to my Back session tonight. Expecting a stirlingâ€¦ https://t.co/30rjP61fBo,36.49290054,-4.95963001,0.0
"ğŸ“ @ Rociana, Andalucia, Spain https://t.co/zRTOnCG6dD",37.30716779,-6.59858357,0.0
I'm at Starbucks Coffee - @starbucks_es in Madrid w/ @kicaroberts https://t.co/UT33QeGgAz https://t.co/acy9oqGm02,40.459112,-3.685414,0.0
Just posted a photo @ Barcelona Centre https://t.co/Pr3Pui8yLb,41.38701095,2.16822409,0.0
Beach lyfe #BarcelonaBoys @ Barceloneta Beach https://t.co/DUgYGFfnZ7,41.37519427,2.19029093,0.0
Days like this I can't wait to get back to @oceanbeachibiza Ibiza #tbt #ibiza @ Ocean Beach Ibiza https://t.co/xuDVpHl8qd,38.9703217,1.3046598,0.0
"#praisegod #preach @ Getafe, Madrid https://t.co/B1NIVmI2mv",40.3047,-3.7311,0.0
On the wayğŸ’ƒğŸ»ğŸ’ƒğŸ» #feriadeabril #sevilla @ Ave Madrid-Sevilla https://t.co/9KeaB4uRod,38.67307552,-4.15242046,0.0
Gym time! @ Cosmopolitan Spa &amp; Fitness Club Alicante https://t.co/Cb6BShYGSH,38.34428,-0.48629,0.0
Joy Division vs Girl Power ğŸ’– @ campus UB mundet https://t.co/nU6i0VHMKo,41.43857360000001,2.14511812,0.8
Despertar ! (@ Starbucks Coffee - @starbucks_es in Madrid) https://t.co/ehdDnYt9mC https://t.co/potcowxK4f,40.459112,-3.685414,0.0
#toughlife #whatdoesntkillyoumakesyoustronger @ Barceloneta Beach https://t.co/tMGJHSkEfZ,41.37519427,2.19029093,0.0
#Letsmice2016!  Great meeting in #bilbao of many many tourism companies from theâ€¦ https://t.co/IbW3ZdJ30C,43.26114633,-2.94948718,0.6
#valencia #hemisferic #gita @ Hemisferic https://t.co/mKHBOxsZgN,39.4794845,-0.38087067,0.0
Happy â™¡ @ Bay of Santander https://t.co/hyQ28xKXiN,43.46666667,-3.8,0.8
"Gorgeous day for some shopping, strolling and eating. I love vacation â˜€ï¸ğŸ´ğŸ›ğŸš¶ğŸ½ğŸ˜ #laramblaâ€¦ https://t.co/otq05dAUmh",41.38138889,2.17305556,0.6
Hanging out in Europe for a while. https://t.co/FyiRPbGUsd follow along,41.29112783,2.07352746,0.0
I just finished mountain biking 49.13 km in 1h:50m:14s with #Endomondo #endorphins https://t.co/13744IMpqb,37.364579,-6.680491,0.0
The perks of being teacher and no one thinks about. @ Mi casa https://t.co/eSXbWoFiy3,40.40622283,-3.67733783,0.0
DONG DONG DONG DONG!!!!,41.545639,1.893817,0.0
My hotel for the night. Very impressed @9RegimentRLC #BFS #Sharpesrifles https://t.co/0Wm5cr7b7a,40.70311667,-6.80461167,1.0
"My car!!! ğŸ˜ğŸğŸ’ª @ Elgoibar, Pais Vasco, Spain https://t.co/NaQoSEQ1Oi",43.2167,-2.4,0.0
"Muscleman. ğŸ‘¬ğŸ’ªğŸ¾ @ Madrid, Spain https://t.co/4kb8nULx2w",40.4,-3.68333,0.0
@toctocAngela postureo..,40.4310415,-3.7004615,0.0
"Wind 17,3 km/h S. Barometer 1013,4 mb, Falling. Temperature 22,9 Â°C. Rain today 0,0 mm. Humidity 44%",38.75388889,-0.1075,0.0
ESN :  Inside Europe: An end to noise in Spain?: Going to a restaurant in Spain often means that by the end of theâ€¦ https://t.co/8lJuJsXUS7,40.41970731,-3.69855957,0.0
"ESN :  Konecranes will deliver three more RTGs to MSC Terminal Valencia, Spain: This will be Konecranes' third RTGâ€¦ https://t.co/kFZBRuTaQk",40.41970731,-3.69855957,0.25
"People who create their own drama, deserve their own karmağŸ“ @ Bay ofâ€¦ https://t.co/scLY957oMY",36.49416667,-6.21694444,0.6
"Novias originales.
By makeover.
#weddingday #wedding #novia #boda #maquillaje #Peluqueriaâ€¦ https://t.co/zggQitkzGJ",42.4632,-2.45139,0.0
"Corre, corre a venir ya es abriiiil! Come, come fast it's already Apriiil!! #vieneveranoâ€¦ https://t.co/nLCqAOZ5PM",36.49034829,-4.95158902,0.3125
"Life is better with U 
#enjoyyourlife @ Unievento https://t.co/02sZXwUKj2",40.45364,-3.7162299,0.5
Just posted a photo @ Molina de Segura https://t.co/YzvPlQLue1,38.05,-1.21666667,0.0
McAuto post-training/pre-training ğŸ˜›ğŸ’• #ElDÃ­aDelPatinadorEsTodosLosDÃ­as @ McAuto https://t.co/NHcrIlZ1Tg,43.34967302,-8.42088674,0.0
Coffee? @ Sancho casual burger https://t.co/ZDefaR2zGp,37.15727968,-3.58379415,-0.5000000000000001
Sunset is still my favourite colour @ Ibiza Sant Antonio De Portmany https://t.co/LlovLMo2ES,38.96719447,1.29596526,0.0
@mariap_gr como me hace bullying,37.3773003,-6.0003412,0.0
"âœ³ğŸ”¹ğŸ‘£Nada permanece, todo cambia/Nothing remains, everything changesğŸ‘£ğŸ”¹âœ³ #reflexiÃ³ns #mindfulnessâ€¦ https://t.co/G8lTAZ3d7v",42.44622421,-8.6272316,0.0
#outofoffice #nike #nikevapor #nikegolf #nikelunarcontrol4     ğŸ˜ğŸ˜ğŸ˜ @ The San Roque Club https://t.co/vKwQfvWvES,36.26593954,-5.33598637,0.0
Just posted a photo @ Feria de Abril de Sevilla https://t.co/CGf0iOBrH2,37.37514,-5.99293,0.0
"Liverpool-Borussia Dortmund LIVE 2100h
#europaleague #sporteins #achtelfinale #quarterfinalâ€¦ https://t.co/N2TAZm89fC",36.50649716,-4.88954403,0.13636363636363635
Creatures of the Dark. @ Riviera Maya (Mexico) https://t.co/ok4nFmUqwf,41.28870241,2.07357872,-0.15
#detoxing with my alionapeneva_grazia ğŸ #myshaexperience @ SHA https://t.co/ftkMqAcTN0,38.55987399,-0.07380994,0.0
ding ding ding!!!,41.545639,1.893817,0.0
Zombie lockdow xd,41.3722049,2.1624881,0.0
Just posted a photo @ Asturias https://t.co/8m0KyRw9JN,43.3333,-6.0,0.0
Just posted a photo @ Parador de Toledo https://t.co/6DIhNeuA0B,39.84866,-4.02294,0.0
Just posted a photo @ Quevedo https://t.co/oKkVeuNG6B,40.4332213,-3.7043352,0.0
"20 degrees out 'ere @ Barcelona, Spain https://t.co/j9Q6v7Js4A",41.3833,2.18333,0.0
good afternoon @ Estepona https://t.co/tdVG2YR8UE,36.43333333,-5.13333333,0.7
"A very good bet of style &amp; elegance â¤ï¸ hope you love it! @ Barcelona, San Just Desvern https://t.co/8yZqbSRfZn",41.38200685,2.07280291,0.7675
"Time to study ğŸ˜ @ Madrid, Spain https://t.co/zi4dS9eZtK",40.4,-3.68333,0.0
Just posted a photo @ Feria de Abril de Sevilla https://t.co/w124DqQIrZ,37.37514,-5.99293,0.0
Just posted a photo @ Plaza de toros Las Ventas https://t.co/dV7WIFHW5K,40.43194814,-3.66331054,0.0
"#estanocheyosalgo @ Madrid, Spain https://t.co/J5Ygowk3ll",40.4,-3.68333,0.0
Just posted a photo @ El Real de la Feria de Abril https://t.co/lR6AuH58ul,37.37018676,-5.99999846,0.2
ğŸ’ You're my everything! ğŸ’ #palace #ateliercouture #novias2016 #JesusReyes #JesusReyesTVâ€¦ https://t.co/WdY1dr56mB,40.4098396,-3.697,0.0
"Amazing sunny day in Barcelonaâ˜€ï¸

The new TRI season is commingğŸ‘ğŸ½ğŸ’ªğŸ½

#vamoscontodoâ€¦ https://t.co/cZWhvMnUdb",41.39836,2.2114700000000003,0.3681818181818182
"Take me there, to Paradise City

#felizdiadelarepublicaâ€¦ https://t.co/dg3keTQFSs",38.35,-0.483333,0.0
Tonight is the night ladies it is not to late to buy a ticket on the door @jessieswinebar onlyâ€¦ https://t.co/hHUlKlBHaO,36.54166,-4.63114,-0.15
@jaumeleiva Som-hi!!,41.3688819,2.0780108,0.0
"FAMILY TEAM ğŸ’™ @ Madrid, Spain https://t.co/e05oJe1L5E",40.4,-3.68333,0.0
Just posted a photo @ Casa Amatller https://t.co/RGaxhVDfrH,41.39166667,2.165,0.0
"The morning light makes me smile, enjoy the day and wake up full of positivismâ€¦ https://t.co/aw9xt6UvpS",40.4,-3.68333,0.36250000000000004
"Just posted a photo @ Madrid, Spain https://t.co/s0XRWNcNVG",40.4,-3.68333,0.0
"Updated: TCC GTFS (Pamplona, Navarre, Spain) https://t.co/2UK4t1yANl",42.812526,-1.645774,0.0
Just posted a video @ Playa Carboneras https://t.co/8VnE6ja4hY,37.00286877,-1.88925295,0.0
#colourfruits #esprimaveraya @ Villareal (cs) https://t.co/XtVhSKsSsj,39.94004,-0.09923,0.0
You're a happy ray of sunshine in this dark world of mineğŸ’–ğŸ‘‘âœ¨â€¦ https://t.co/tCT6RbvHez,41.375,2.149,0.325
My two treasuresğŸ’›âš½ @ Nules https://t.co/FkdeOccHSh,39.85,-0.15,0.0
ğŸ˜˜WoRk ğŸ™ğŸ¼wOrK ğŸ¶ğŸ‘£ğŸ’™ @ Moncloa https://t.co/1ReY5iEdO1,40.3853007,-3.6867742999999993,0.0
"ğŸŒ @ Seville, Spain https://t.co/T9qEbWxTVi",37.3772,-5.98694,0.0
"I'm at Parking T2 in El Prat de Llobregat, Barcelona https://t.co/Ms2udEUo7L",41.30402525,2.07632292,0.0
"@cristian_fanny hung for vetements_official at @ekseptiononline @ Madrid, Spain https://t.co/vWRzCAuwLX",40.4,-3.68333,0.0
Running away to the Costa del Sol is perhaps the best way to have an unforgettable honeymoon!â€¦ https://t.co/ET6ivneaLO,36.7225351,-4.4121863,1.0
"I'm at Ginos Nassica - @ginosristorante in Getafe, Madrid https://t.co/KEewHtKNx3",40.27233045,-3.696016,0.0
One table left for this Sunday. But don't worry space still available for Sunday 24th 603195232â€¦ https://t.co/sOTxTPYz6p,36.5100212,-4.88556,0.2
Just posted a photo @ Torrevieja https://t.co/nMJKpR4bCW,37.97777778,-0.68333333,0.0
For Sale - Vila/Luxury Home: Alicante. https://t.co/talMsX8pUf,38.36263870000001,-0.4820252,0.0
"â“‚ğŸ”™ @ Madrid, Spain https://t.co/LBZ0BNvcGQ",40.4,-3.68333,0.0
For Sale - Vila/Luxury Home: Alicante. https://t.co/HetUvsF2dD,38.37617,-0.48036,0.0
"HooooooğŸ”¥ğŸ”¥ in my handsğŸ’£ğŸ’£ğŸ’£
Soon https://t.co/4l1IodLIIa

#thisistruefingerboarding 
#overheadfbstoreâ€¦ https://t.co/6zsenkTGKb",42.42211014,-2.41988897,0.0
"When I think of longing, I think this place! #tbt @ Madrid, Spain https://t.co/GpT56oGcXl",40.4,-3.68333,0.0
"ğŸ˜ˆğŸ˜ˆğŸ˜ˆ @ Cox, Valenciana, Spain https://t.co/Oc0jfVXxXU",38.1333,-0.883333,0.0
"ğŸ˜ˆğŸ˜ˆğŸ˜ˆ @ Cox, Valenciana, Spain https://t.co/Oc0jfWf8Ps",38.1333,-0.883333,0.0
Tattoo con mucho amor ğŸ˜‚ğŸ”«ğŸ”« hahaha con @miaprincipesa #tattoo #tattoos #bodyart #tattooed #inkedâ€¦ https://t.co/s6X89GfyC0,41.55964451,2.08289347,0.2
I just finished hiking 25.22 km in 5h:48m:12s with #Endomondo #endorphins https://t.co/gztbfWPiPN,42.5994581,-6.724562400000001,0.0
I want you back @ Estacion De Tren Vilagarcia De Arousa https://t.co/taGKXANbOU,42.6019471,-8.762526199999998,0.0
"ğŸ‘…ğŸ”¥ @ Getafe, Madrid https://t.co/TapM8je0ZS",40.3047,-3.7311,0.0
ding ding!!!,41.545639,1.893817,0.0
"Celebrando el Unai's day... (at @MuerdeLaPasta in Rivas Vaciamadrid, Madrid) https://t.co/SlN0t19qGR",40.33795155,-3.52701493,0.0
Brunch with my favourite bruncher @ Cup &amp; Cake https://t.co/xJ9pB99OEP,41.3917034,2.15522915,0.0
"Carrer @ Barcelona, Spain https://t.co/J1EzuZ0OYe",41.3833,2.18333,0.0
Favourite pasta âœ… thespotbarcelona @ Green Spot https://t.co/0NO0FWvRDy,41.38167306,2.18426719,-0.2
At halftime we take photos #ChampionsLeague #WhatATimeToBeAlive âš½ï¸âš½ï¸â€¦ https://t.co/eWcqlZPgJn,40.4014499,-3.7212,0.0
Looking awesome will kicking ass #1 ğŸ˜ @ Miramar Fuengirola https://t.co/LnSBMRqvaI,36.65395783,-4.48558535,1.0
Just posted a photo @ Ventilla https://t.co/zSodF3VOfW,40.4694349,-3.6958778,0.0
myyyyyyy ğŸŒºğŸ˜ˆğŸ‘¿ğŸ’˜ğŸ‘™ğŸ¹ğŸˆğŸ™ğŸ ğŸğŸ†–ğŸ†•ğŸ’¥ğŸ”¥ @ Marchamalo https://t.co/hFzqIhDAKX,40.67055556,-3.20055556,0.0
#PurityVodka has landed in #Espania#PurityEuroTour 2016 #Duaneing #DuaneingWorldWide... https://t.co/lDTbsVgUGH https://t.co/0IIkLpYrHe,36.67692944,-4.49249625,0.0
"June 2015 Barcelona â˜€ï¸ğŸŒ´ â€¢ Starting to think about summer and holidays! â€¢ What about you, anyâ€¦ https://t.co/kandxIUZH6",41.37519427,2.19029093,0.0
Beautiful tinted glass! Hope they'll finish it soon #travel ##a7rii #zeiss #loxia #35mmâ€¦ https://t.co/MZ2zoHakzG,41.40384119,2.17477798,1.0
âœ¨ğŸ‚ @ Barcelona City https://t.co/BO7paGEARP,41.41085560000001,2.17724109,0.0
"down in the DM @ Toledo, Spain https://t.co/nWp478MI46",39.8667,-4.01667,-0.15555555555555559
ESN :  Spain: 3 Injured in Canary Island Building Collapse: Spanish police say an apartment building has partiallyâ€¦ https://t.co/iJeQkTUPSP,40.41970731,-3.69855957,0.13333333333333333
"ESN :  Visiting Spain for 1 week, need help on city choosing!: Hi Everyone, We (me, my hubby and a couple ofâ€¦ https://t.co/zqwExkaGRG",40.41970731,-3.69855957,0.0
ESN :  Spain's former king visits bullfights during Sevilla's 'April Fair': A TRIP to the bullring was a perhapsâ€¦ https://t.co/f4Pc0aGjB8,40.41970731,-3.69855957,0.35
Just posted a photo @ Real de la Feria de Abril https://t.co/YN80wmBEn3,37.3882498,-5.984802200000002,0.2
Happy!! #pizza #pranzo #lunch #bufalina #Napoli #sanmarzano #basilico #olioextravergineâ€¦ https://t.co/zyKM4yxKpT,40.4233398,-3.6840799,1.0
"Hey, over there! Please forgive me if im comin on too STRONG ğŸ’ª (at @CDO_Covaresa in Valladolid) https://t.co/u8MUN4RjEJ",41.61268301,-4.74817514,0.4333333333333333
"""@SupernaturaIPic: Me when supernatural ends https://t.co/4msSS6oUZs"" imma be so lost n confused",38.13372070000001,-0.6734747,-0.11666666666666668
Just posted a photo @ La Alhambra Granada https://t.co/GlDCEWLCD9,37.986015,-0.790846,0.0
"#historiadeunaventana  daylight @ Madrid, Spain https://t.co/p0ECxFoIs6",40.4,-3.68333,0.0
Just posted a photo @ Albacete https://t.co/l8fcCUuIwm,38.9833,-1.85,0.0
"I've broken free from those memories. @ MÃ¡laga, Spain https://t.co/uMnebydBhs",36.7167,-4.41667,0.0
Enjoy your meal @#Madrid (@ 100 Montaditos in Madrid) https://t.co/vgeL6vynoQ https://t.co/EpPwWtNDHt,40.41600995,-3.70573729,0.4
Want to work in #Campanillas? View our latest opening: https://t.co/mvYIIQl6kB #Sales #Job #Jobs #Hiring #CareerArc,36.7526615,-4.5593849,0.5
"Time to go back home
#travel #airplane #oppofanview #oppor7plus @ Madrid-Barajas Airport https://t.co/sgbqlufFnD",40.461403,-3.5746888999999995,0.0
"No More Heaven

#life #bohemian #light #heart #gay #madrid #bear #guys #grunge #beardguysâ€¦ https://t.co/A1ztFqJuSR",40.36677150000001,-3.5472758,0.18888888888888888
"Starbucks ğŸ‘ŒğŸ¼ @ Barcelona, Spain https://t.co/hj6QZKUlUi",41.3833,2.18333,0.0
Jumping ahead! @ Teatro Real https://t.co/L2oj0N7YXx,40.41791,-3.70982,0.2
"Well, open up your mind and see like me,
open up your plans and damnâ€¦ https://t.co/KcfFRPDvfD",39.47188265,-0.36591605,0.0
Sunny daysâœŒğŸ»ï¸ğŸ˜ğŸŒ #me #yo #postureo #sunglasses #etnies #sunnydays #sol #ascensor #laslagunasâ€¦ https://t.co/57mIbZ9Egm,36.54282,-4.63291,0.0
Review: Amazon Web Services is eating the world https://t.co/QI56nIvFBt,43.466025,-3.8240172,0.0
Whait for me to came home @ Barrio De Coia VIGO https://t.co/U7Pg5vIU8t,42.24494809,-8.70384269,0.0
"Man of the match! 
.
#barcelona #football #love #hattrick #intergalaticos @ Barcelona, Spain https://t.co/HbJiHljGrc",41.3833,2.18333,0.5
Just posted a photo @ El Real de la Feria de Abril https://t.co/QKUtGRnovd,37.37018676,-5.99999846,0.2
Spring day. ğŸŒ…ğŸŒ @ Playa De La Misericordia https://t.co/45TgEwNn3Y,36.69088985,-4.44149859,0.0
Fallas '16. ğŸ”™ğŸ‘ŒğŸ’£ @ MYA Umbracle https://t.co/MuiauVcOpb,39.38153,-0.32836,0.0
Check out Alina Grinberg on soundcloud : LINK -â€¦ https://t.co/Ex6RwcMeAl,38.9,1.43333,0.0
I'm at Kekexily in Madrid https://t.co/f2GLASGYN7,40.42171133,-3.71999087,0.0
I just finished cycling 114.49 km in 4h:10m:00s with #Endomondo #endorphins https://t.co/tfQSWcGGut,41.38938834,1.94052676,0.0
Hot (at @malaga) [pic] â€” https://t.co/7uAyBVrSmM,36.71793,-4.41549,0.25
@lucyinglis in the hills above Denia still in Spain. It's beautiful. All OK with you 3?,38.7807772,-0.1016952,0.45
40 Ways to Relax In 5 Minutes or Less https://t.co/mWFtMXsZv7,40.4811847,0.4785588,-0.16666666666666666
Just posted a photo @ Lecumberri https://t.co/MlCQGJ49l7,43.0,-1.88333,0.0
ding!!!,41.545639,1.893817,0.0
Just posted a photo @ Calpe https://t.co/B7VzWQQTOK,38.65,0.05,0.0
I just finished mountain biking 48.46 km in 3h:17m:20s with #Endomondo #endorphins https://t.co/5ueyP9M4yk,40.626508,-4.008051,0.0
Just posted a photo @ Feria de Abril de Sevilla https://t.co/CB5jXFhHTG,37.37514,-5.99293,0.0
Same place but a year later #Gaudi #memory #barcelona #sagradafamilia #cathedral #spain @ Laâ€¦ https://t.co/cHLiaapQwN,41.4035796,2.17393062,0.0
I'm at Lavinia in Madrid https://t.co/NW529psewO,40.43032681,-3.68423015,0.0
Back to sleep.. @ Condado Club https://t.co/qppf7BtFRx,38.84050759,0.10929704,0.0
"Triplete, triplete, triplete ğŸ’©ğŸ’©ğŸ’©",36.8348607,-2.4490917000000003,0.0
Just posted a photo @ El Real de la Feria de Abril https://t.co/nF5JLWtUiz,37.37018676,-5.99999846,0.2
"Thank you Captain! ğŸ˜€ @ Seville, Spain https://t.co/6pV3yjplgv",37.3772,-5.98694,0.0
Morning strolls around Retiro #spring #madrid #beautiful #retiro #park #travel #citylife #treesâ€¦ https://t.co/UOZlFZSlZi,40.41546952,-3.70647818,0.85
Home sweet Home 2 @Lassofilms #barcelonaskateboarding #lassofilms #lassofilmsbarcelonaâ€¦ https://t.co/Vt9oAoRjyo,41.3831406,2.1673901,0.35
"â¤ğŸ”Let me be your soldier girl, and I make everything for see youâ€¦ https://t.co/ZLy0UoMv2r",43.3333,-6.0,0.0
Miss you so muchâ¤ï¸ğŸ™ğŸ¼ @ Barcelona Vila Olimpica Playa https://t.co/WX8aTDg6ea,41.39110717,2.20268874,0.2
Picking out the sites @ Espacio Metropol Parasol https://t.co/dJrKIgbE5w,37.39310935,-5.99209861,0.0
I wish that I could wake up with amnesia. @ CÃ¡diz https://t.co/VzSGZfzj1N,36.5333,-6.2833,0.0
"Summer is coming ğŸŒŠâ˜€ @ Playa De San Juan, Alicante https://t.co/LiZIoMvZMO",38.3705292,-0.41053,0.0
Just posted a photo @ Real de la Feria de Abril https://t.co/TxXrDmLXvt,37.3882498,-5.984802200000002,0.2
Morning strolls around Retiro #spring #madrid #beautiful #retiro #park #travel #citylife #treesâ€¦ https://t.co/chAPc9LxDb,40.41546952,-3.70647818,0.85
White Sangria âœŒğŸ¼ï¸ğŸ¸ğŸ˜ #sangria #sangriatime #sangrias #holiday #travel #spain #picofthedayâ€¦ https://t.co/UBZvekDo0b,38.53333357,-0.10816315,0.0
"ğŸªâ›… @ Madrid, Spain https://t.co/9DAD20nYgn",40.4,-3.68333,0.0
"ï¼³ï¼°ï¼²ï¼©ï¼®ï¼§ğŸŒ¸ğŸ’™

#barcelona #barcelonagram #igbarcelona #nature #naturephotography #natureloversâ€¦ https://t.co/x8ppfUNcjr",41.3618,2.1587,0.0
"Comer al Sol ğŸ‘¿ğŸ´ğŸ¹ @ Marchena, Andalucia, Spain https://t.co/2HgVXi3hFq",37.3333,-5.4,0.0
#equipacionnueva #staffclothes #bbarcelonaapartments #smartstaff @ BBarcelonaApartments https://t.co/ZSonSEVB6b,41.40820476,2.17937055,0.0
"myloveâ£ğŸ‡¸ğŸ‡ª @ Santander, Cantabria https://t.co/0o0HAyg0Ui",43.4647,-3.80444,0.0
"Just posted a photo @ Santiago de Compostela, Spain https://t.co/mqOgdBFPsT",42.8833,-8.55,0.0
"""It's time to show the world we've got something to say"" @ Calle Atocha https://t.co/ZeckkYkvi6",40.41143,-3.69707,0.0
I just finished cycling 8.96 km in 33m:11s with #Endomondo #endorphins https://t.co/8IPg4nGIqN,36.710377,-4.561361,0.0
"ï¼³ï¼°ï¼²ï¼©ï¼®ï¼§ ğŸŒ¸

#barcelona #barcelonagram #igbarcelona #archilovers #archirecture #architecturepornâ€¦ https://t.co/Ac3u5LvO4F",41.3618,2.1587,0.0
"Preparando cositas chulas para KICKSOFF ""The Sneaker Weekend"" en @alasarmas_org @kicksoffblogâ€¦ https://t.co/3F30V4dOMP",40.54803994,-3.64439249,0.0
I'm at Bar Porras in Granada https://t.co/rJNF5eQh3f,37.15916339,-3.60124125,0.0
"â˜€ï¸â˜€ï¸ &amp; water a great combination #barcelona 

#fountain #placadecatalunya #spain #travelâ€¦ https://t.co/6azfVAqOI8",41.38666667,2.17,0.8
"Make today as beautiful as you can. Let no one take away your happiness.

Tarta fraisier conâ€¦ https://t.co/FxA4YxP3MJ",41.3835,2.18135,0.7749999999999999
I just began a cycling workout using #Endomondo. Peptalk me now @ https://t.co/cuEcCF9Dun,36.740685,-3.5866800000000003,0.0
"My life ğŸ˜ğŸ˜ğŸ˜ğŸ˜ Happy Birthday, sweet 16!!!! cosita mia te amo muchoâ€¦ https://t.co/mkAohmL9xJ",38.35,-0.483333,0.82724609375
"Hindu motif @ Seville, Spain https://t.co/FPeQyjwBBx",37.3772,-5.98694,0.0
"Pink&amp;Blue Alainversa Dj set
--------------------------------------------
#fever #pinkfever #pinkâ€¦ https://t.co/Gi6Hcldm3Q",43.25006313,-2.90048112,-0.1
"Same wall, different view.
La muerte y yo.
âœ¨ğŸ’€ğŸ’€ğŸ’€ğŸ’€âœ¨

#elcarmelo #carmel #amaiaarrazolaâ€¦ https://t.co/2c8ufWYKBS",41.41833611,2.15443611,0.0
"so much on my mind but I can't explain any of it ğŸ’­ @ MÃ¡laga, Spain https://t.co/UgEueCr33z",36.7167,-4.41667,0.2
Just posted a photo @ Puente Romano https://t.co/xFTmg3dJol,38.91305556,-6.35083333,0.0
Just posted a photo @ Calpe (Costa Blanca) https://t.co/BLOPMG2Mr2,38.66972,0.05665,0.0
"ğŸ‘“ğŸ‘“ @ Lorca, Spain https://t.co/JaasGKRaDf",37.6667,-1.7,0.0
"ğŸ’ğŸ‘‘ @ Pamplona, Spain https://t.co/0ErTqPVxPy",42.8167,-1.63333,0.0
"Just posted a photo @ Espagne, Salou https://t.co/g1BwCCFRkO",41.07793116,1.14262483,0.0
Just doing the #tourist things out here ... I feel at peace by the #ocean.  #spain  #malagaâ€¦ https://t.co/u4zlWwxO9H,36.60252,-4.5226,0.0
I'm at MacFitness https://t.co/A2yzvE0M7X,38.03583777,-4.03896912,0.0
DONG DONG DONG!!!,41.545639,1.893817,0.0
Crazy golf â›³ #golf #crazygolf #magaluf #mallorca #sun #hot @ Magaluf https://t.co/7lrOBtq9pu,39.511,2.5375,-0.175
ğŸ˜´ in a coffee shop #nap #sharpei #dogsofinstagram #instagramâ€¦ https://t.co/lTwMmCsE6j,40.4,-3.68333,0.0
"Let me be your air
Let me roam your body freely
No inhibition
No fear ğŸ’¨âœŒ @ Treto, Cantabria, Spain https://t.co/ArR5w1PwnT",43.394084,-3.47095611,-0.2
"Wind 12,2 km/h SE. Barometer 1013,8 mb, Falling. Temperature 23,7 Â°C. Rain today 0,0 mm. Humidity 38%",38.75388889,-0.1075,0.0
"ğŸŒ´ğŸ‘‘ğŸŒŠğŸ’ @ Alicante, Spain https://t.co/zsnYIwyWaV",38.35,-0.483333,0.0
"New #shamal wheels for my #canyon,  they look spectacular.  Thanks artbike.  #bike #campagnolo @â€¦ https://t.co/kdajcxdsW0",41.2844,1.98293,0.3121212121212121
Rooftop view in Madrid #fb @ Hotel Acta Madfor https://t.co/1tQD4iaTfZ,40.42169084,-3.72185166,0.0
ding ding ding ding DONG DONG DONG!!!,41.545639,1.893817,0.0
I just finished walking 4.07 km in 51m:55s with #Endomondo #endorphins https://t.co/rndWXSdWTP,41.394076,2.1317705,0.0
Rooftop beers in Madrid #fb @ Hotel Acta Madfor https://t.co/APMcIyFsTs,40.42169084,-3.72185166,0.0
Ducha y a caminar :) (@ NH Collection Eurobuilding - @nhcollectioneb in Madrid) https://t.co/lX2KYnz5P1,40.45840725,-3.68595394,0.5
Just posted a photo @ Feria de Abril de Sevilla https://t.co/kxBzWh6GDI,37.37514,-5.99293,0.0
Blinded by the light in your ejesğŸ’« @ El Retiro - Jardines del Buenâ€¦ https://t.co/QLq4dA0M7g,40.41782128,-3.68446459,0.4
"Ronda - A ""Daily Adventure"" Trip  https://t.co/cTUxLZ6V36",36.50299310000001,-4.6792408,0.0
I'm at Nostrum https://t.co/aEPycDEIvh,41.54805814,2.10584836,0.0
A 380 back Home ..this was a great Day from the morning till nowâ€¦ https://t.co/zJAMOqvWd3,40.49411203,-3.56735202,0.4
"All that I wanted from you was to give me
Something that I never had
Something that you've neverâ€¦ https://t.co/snxZ6GMDQB",36.5333,-6.2833,0.0
"One sleeping, one pretending to sleep! #sisters #espana @ Gali galiâ€¦ https://t.co/HM8jxO8HaK",36.53238391,-4.62401753,0.0
he's got a face that would look amazing between legs oh my,38.1337478,-0.673535,0.6000000000000001
Goodbye lunch with the guys from Desigual! (@ Mamarosa Beach - @mamarosabcn in Barcelona) https://t.co/BVzcFi1Qkg https://t.co/b6C4UZXnBp,41.36920405,2.19051361,0.0
I'm at Starbucks Coffee - @starbucks_es in Barcelona w/ @blankyto86 https://t.co/LB0ZxiPIaN,41.38526406,2.17700195,0.0
Cultured (@ Museo Thyssen-Bornemisza in Madrid) https://t.co/gCyHpqvPCy https://t.co/THz8BV8nU6,40.41633464,-3.69494677,0.0
Tonight is the night!!! Trouble Bcn en Blvd Club!!  Apuntaros en lista para entrar gratis hastaâ€¦ https://t.co/qNukKWcPQu,41.3801,2.17485,-0.3125
"""Here I am
This is all of me
Iâ€™m not hiding
Iâ€™m standing tall for all to see..."" #AAâ€¦ https://t.co/QJRY7DK9Pt",36.1275,-5.45389,0.0
'Start where you are. Use what you have. Do what you can' ğŸŠğŸ½ğŸ’ªğŸ½ - Aprenent i escoltant a gent queâ€¦ https://t.co/YJPvqoqk52,41.5773,2.0099999,0.0
Just posted a photo @ El mirador De Lastres https://t.co/W2zCp5DF2e,43.51637849,-5.26938336,0.0
Maybe it's a sign I should go to Italy next ??? #madrid @ Museo Thyssen-Bornemisza https://t.co/EHWqGw8pXq,40.41653217,-3.69499028,0.0
"Just posted a photo @ Madrid, Spain https://t.co/ZIAy5Kpz3X",40.4,-3.68333,0.0
"T o d a y s    L o o k  âœ”ï¸âœ”ï¸

#elcieloenmistacones #fashion #fashionblogger #look #todayslookâ€¦ https://t.co/I8fQKTT6uo",36.4667,-6.2,0.0
Great hearts are filled with littleğŸ’ƒğŸ»ğŸ’« @ Plaza De EspaÃ±a Deâ€¦ https://t.co/xjBsDpPLpw,38.97356167,-5.80055167,0.3375000000000001
Woke up thinking about Madrid. Have I mentioned the trip I'm planning to Europe this summer?â€¦ https://t.co/QBeO1wwQz6,40.41669031,-3.68407959,0.0
"Cat lover ğŸ˜» #greeneyes #lookingatme #catsofinstagram #instagram #instapic #picoftheday @ Madrid,â€¦ https://t.co/AjBpUowENy",40.4,-3.68333,0.0
Want to work in #Campanillas? View our latest opening: https://t.co/6gSmNxsfV1 #Sales #Job #Jobs #Hiring #CareerArc,36.7526615,-4.5593849,0.5
Just posted a photo @ Feria Abril de Sevilla https://t.co/QPszVpSPL4,37.25784,-5.5494199,0.0
Designer marcelamansergas presents a cutting edge collection for contemporary #bridesâ€¦ https://t.co/QHN9wpuu7D,40.4098396,-3.697,-0.21666666666666667
ESN :  Spain: 3 injured in Canary Island building collapse: MADRID â€” Spanish police say an apartment building hasâ€¦ https://t.co/5IV0wVQSAw,40.41970731,-3.69855957,0.25
ESN :  A great week for Spain and a fantastic one for Madrid: Inspired by Cristiano Ronaldo and Diego Simeoneâ€¦ https://t.co/CGNb973AF9,40.41970731,-3.69855957,0.6000000000000001
I just finished cycling 50.27 km in 3h:00m:31s with #Endomondo #endorphins https://t.co/dcdntU5p3p,37.6402006,-0.76503407,0.0
"FORCE PROTEIN BARCELONA 
https://t.co/ZlWVxoq1Mh
Fb: Forceprotein
In: Forceproteinshop

Llegamosâ€¦ https://t.co/eTJUiQNG2i",41.38622,2.15941,0.0
Designer marcelamansergas presents a cutting edge collection for contemporary #bridesâ€¦ https://t.co/JMHLLgVWfh,40.4098396,-3.697,-0.21666666666666667
"I wish we could turn back time, to the good old days ğŸ’­ğŸ‘£ @ Playa deâ€¦ https://t.co/xHMGPP0yLE",38.36336,-0.44384,0.26666666666666666
Designer marcelamansergas presents a cutting edge collection for contemporary #bridesâ€¦ https://t.co/qlRvJlOUMK,40.4098396,-3.697,-0.21666666666666667
I'm at Mercat Central in Valencia https://t.co/ujk2CqTJQ1,39.47345,-0.37869082,0.0
"Happy birthday princess ğŸ‘¸ I love you ğŸ‘‘ğŸ’™ @ Casar de CÃ¡ceres, Spain https://t.co/RzYiCzbYbT",39.5667,-6.41667,0.65
"NY
https://t.co/5ieZw9KyLF @ Charlie Made in Hell https://t.co/AIetUBqEai",40.45716,-3.70532,0.0
Just posted a photo @ Feria de Abril de Sevilla https://t.co/HwnKCqsu0j,37.37514,-5.99293,0.0
"Just posted a photo @ Puerto Lumbreras, Murcia, Spain https://t.co/vne3fEQjxs",37.5667,-1.81667,0.0
Just posted a photo @ Cuenca CLUB https://t.co/841FSyBrIM,40.42526,-3.71372,0.0
"New look? ;)

#contigomismo #contigo #selfie #hairdresser #yeeesbarbers #peluqueria #barberoâ€¦ https://t.co/hix7d1ihIA",41.3833,2.18333,0.13636363636363635
Thunderbird #Colorburn #Epiphone #Bass #Bassist #Thunderbird #epiphonethunderbird @ Pandora's Vox https://t.co/hwdCtgQCxe,40.40569845,-3.69183457,-0.15000000000000002
"PHOTO by @maxapryatin |
#cityscape #Ñ„Ğ¾Ñ‚Ğ¾ÑĞµÑÑĞ¸Ñ #Ñ„Ğ¾Ñ‚Ğ¾Ğ³Ñ€Ğ°Ñ„ #Ğ°Ñ€Ñ…Ğ¸Ñ‚ĞµĞºÑ‚ÑƒÑ€Ğ° #Ñ„Ğ¾Ñ‚Ğ¾Ğ°Ñ€Ñ…Ğ¸Ñ‚ĞµĞºÑ‚ÑƒÑ€Ñ‹ #Ñ„Ğ¾Ñ‚Ğ¾ÑĞµÑ‚â€¦ https://t.co/Iljg3whlc9",41.39525,2.16157,0.0
"Just posted a photo @ Horta De San Juan, Cataluna, Spain https://t.co/3zVD7H0SDc",40.95551703,0.31529407,0.0
Just posted a video @ Feria de Abril de Sevilla https://t.co/y57CXMWL0M,37.37514,-5.99293,0.0
I just finished walking 3.08 km in 33m:04s with #Endomondo #endorphins https://t.co/h45YfUv1VD,37.28625,-5.917898,0.0
"Just posted a photo @ Plaza Mayor, Madrid https://t.co/Eucxl0JzNp",40.415364,-3.707398,0.0
#BT #ApenasHayPostureo #RosaChillÃ³n #AburrimientoTotal @ Baza City https://t.co/PicaUnAqHi,37.50023117,-2.75931013,0.0
"Rincones â¤ï¸ @ Barcelona, Spain https://t.co/KJATMPeFUB",41.3833,2.18333,0.0
Walaaaaa!! #impresiÃ³n3d #3dprinting #reprap #logo #colors @ Plastic Dreams https://t.co/zpBjzJ3KRZ,37.99096983,-1.13149015,0.0
#Sales #Job alert: Systems (Storage) Inside Sales Account Manager Large Accounts &amp; Mid... | Oracle | #Campanillas https://t.co/Tl1aGvMxtL,36.7526615,-4.5593849,0.10714285714285714
WELCOME TO MY HOME ğŸ’ğŸ˜‚ğŸŒ…â¤ @ Playa de las Llanas https://t.co/7JsS5BqkJd,43.55759135,-6.10536362,0.8
"Just posted a photo @ Murcia, Murcia https://t.co/zgIBI3SOz4",37.9861,-1.1303,0.0
"PHOTO by @maxapryatin |
#cityscape #Ñ„Ğ¾Ñ‚Ğ¾ÑĞµÑÑĞ¸Ñ #Ñ„Ğ¾Ñ‚Ğ¾Ğ³Ñ€Ğ°Ñ„ #Ğ°Ñ€Ñ…Ğ¸Ñ‚ĞµĞºÑ‚ÑƒÑ€Ğ° #Ñ„Ğ¾Ñ‚Ğ¾Ğ°Ñ€Ñ…Ğ¸Ñ‚ĞµĞºÑ‚ÑƒÑ€Ñ‹ #Ñ„Ğ¾Ñ‚Ğ¾ÑĞµÑ‚â€¦ https://t.co/Wd7kkCrOgM",41.39525,2.16157,0.0
Just posted a photo @ Totana https://t.co/GHcORqyLan,37.7667,-1.5,0.0
"I never dreamed about success, I worked for it â˜¯ @ El Santiscal https://t.co/Mvt6DGf1Z5",36.76552514,-5.77702516,0.3
"SOFT LANDINGğŸ‘ŒğŸ¼ğŸš
#cockpit #cockpitview #h135 #ec135 #airbusHC #airbushelicopters #helipornâ€¦ https://t.co/N8j7Cmfd1n",40.94292969,-4.1286956,0.1
I was out running 4.97 km with #Endomondo #endorphins https://t.co/ZXRFISoZgW,38.859026,-7.008361999999999,0.0
Chocolates notes and nice bitter finish! - Drinking a Sultana by @CervezasCalifa @ Cervezas Califa  â€” https://t.co/5HuetSNfBz #photo,37.8828,-4.77953,0.2375
"Thanks Barcelona, your sun feels really good ğŸŒ @ PlaÃ§a de laâ€¦ https://t.co/m3ET8cTYN5",41.38558369,2.1640233,0.44999999999999996
I'm at Gran Via 26 in Madrid https://t.co/ute9yXqjyp,40.420024,-3.70169972,0.0
Vamos a darle al #jueves #rock con nuestro #roll ğŸ¤ğŸ¸ A bit of rock with our rollâ—ï¸ğŸ¶ #restauranteâ€¦ https://t.co/SVnuGW87uY,38.9164498,1.44390895,0.0
"A dance on repeat
A TRANCE ON A HARD BEAT @ La Casa Encendida https://t.co/QphkrdrQFj",40.40595,-3.69976,-0.2916666666666667
"Pop Art

#contigomismo #contigo #hairdresser #yeeesbarbers #peluqueria #barbero #primaveraâ€¦ https://t.co/Cj2B30V5Lf",41.3833,2.18333,0.0
Just posted a photo @ Feria de Abril de Sevilla https://t.co/LToRyysF6T,37.37514,-5.99293,0.0
"detalles ;o) #expobelindoGS #paintinbelindo #ilovegolf @ Madrid, Spain https://t.co/dHH5tf2enm",40.4,-3.68333,0.0
"Lunch at the market with a glass of vino blaco ğŸ˜
âœ–

#razorclams #octopusâ€¦ https://t.co/VkvFLbWDfK",37.3889999,-6.0022998,0.0
"We have the greatest friends!! Thank you, Lindy for all the goodies!! #springnspainâ€¦ https://t.co/LtueLNdUIm",40.55,-3.63333,1.0
Forever is a long time but I wouldn't mind spending it by your side. @ Santa Pola https://t.co/qsDuKUtqAO,38.18972222,-0.55555556,-0.05
"Wind 6,5 km/h NNE. Barometer 1016,1 hPa, Descendiendo. Temperature 25,3 Â°C. Rain today 0,0 mm. Humidity 22%",37.89138889,-1.21416667,0.0
Rainy spring days ğŸŒ§ğŸ™ @ Calle Arenal Madrid https://t.co/I4aHHgWswa,40.34935718,-3.67801152,0.0
ding!!,41.545639,1.893817,0.0
"I trusted
You
But Now
Your words
Mean
Nothing
To Me 
Because 
Your
Actions 
Spoke The
Truth. @â€¦ https://t.co/b1SiI4ape1",39.46955854,-0.41187089,-0.3125
"You can find him sitting on your doorstep waiting for a surprise, and he will feel like he'sâ€¦ https://t.co/q9L4M1RRlt",39.477467,-0.364856,0.0
Hosting and presenting amazing genius designer carlosharodesigner ! You are unique! #hostingâ€¦ https://t.co/TLMPnAc4wg,40.41547768,-3.69278706,0.609375
"New In!! @PathosBrand
SHOP ONLINE:
https://t.co/QpP8rWtbMd

#Pathos #VisteConPasionâ€¦ https://t.co/UwuoQU7GQk",40.4369087,-3.69979,0.2130681818181818
"First day in Benidorm/First day I haven't worn makeup on a holiday ever ğŸ˜‚ğŸ‘
Off to enjoy the sunâ€¦ https://t.co/TX0HbtZg58",38.53637,-0.10879,0.325
Just posted a photo @ El Real de la Feria de Abril https://t.co/xkgWcPtOIh,37.37018676,-5.99999846,0.2
"Hoy #LATELENOVELASALSERA barmusicalcanape #TirateQueNoahayErisosss @ Barcelona, Spain https://t.co/0n9YmfYaOC",41.3833,2.18333,0.0
Now you're a ghost at seağŸ‘»ğŸŒŠ @ Cambre https://t.co/5rZEKwUH0i,43.2833,-8.33333,0.0
About yesterdayğŸ¢ğŸ˜ğŸ’– #meduelenlasorejas #SUSOOO @ PortAventura https://t.co/u8QRdgmAgP,41.0762799,1.14049,0.0
Lovely couples!! #boda #bodas #bodasgetxo #bodasbilbao #bodasconencanto #bodasbizkaiaâ€¦ https://t.co/Xwc4Y7manC,43.2680999,-2.9345,0.78125
Just posted a photo @ El Real de la Feria de Abril https://t.co/dchDVbOSfe,37.37018676,-5.99999846,0.2
"12:12 EA5/DK1IO/P on EA5/VL-012 (Safor, La, 1012m, 4pt) 14.05 cw: *[RBNHole] at DF4UE 20 WPM 16dB SNR [RBNHOLE]",38.8616,-0.2587,0.0
I just finished cycling 8.60 km in 28m:54s with #Endomondo #endorphins https://t.co/87gwZDGOcM,36.675901,-4.490382,0.0
"Just posted a photo @ Madrid, Spain https://t.co/t1xXgIApnb",40.4,-3.68333,0.0
"Don't disturb, artist working! ;)

#contigomismo #contigo #hairdresser #yeeesbarbers #peluqueriaâ€¦ https://t.co/PXzKYR7HdI",41.3833,2.18333,0.0
Enjoy the life ğŸ‰ğŸ‰ @ Valencia https://t.co/ANPiSBVtEy,39.46666667,-0.38333333,0.4
"Just posted a photo @ El Chorrillo, La Union https://t.co/7MgvNLxDnH",37.6236089,-0.8806526,0.0
"I'm at Foster's Hollywood in San Javier, Murcia https://t.co/ropXqwiaur",37.82007099,-0.81408731,0.0
mornings at the (new to me) local market. manchego fuerte = success. #barcelona #espaÃ±a #spainâ€¦ https://t.co/Al9TDHVoWT,41.39696,2.14427,0.14545454545454545
"I can't remember the last time I saw your faceğŸ€â›”ğŸ’¡ğŸ•â³ @ Barcelona, Spain https://t.co/AhezsXo2kQ",41.3833,2.18333,0.0
"Just posted a photo @ Playa de Laida, Urdaibai https://t.co/YvBDqf58VW",43.39827167,-2.68487255,0.0
Style by @arana076 #fashiorismo #menswear #menstyle #menshairâ€¦ https://t.co/Kko2yPaooz,36.131938,-5.4473157,0.0
"Outstanding Ground Floor Apartment in Malibu, Puerto Banus, Marbella. Price: 3.4â‚¬ millions 
-â€¦ https://t.co/RFmIGhINwf",36.49542353,-4.95024204,0.5
Just posted a photo @ Feria de Abril de Sevilla https://t.co/VRSBKhQG7w,37.37514,-5.99293,0.0
- Visit: https://t.co/K3LTEHJgs1 https://t.co/Pzdc069Gb7,40.399838,-3.701257,0.0
"Universal Pictures Spain
Toro - Spot 1
https://t.co/XXi3wr0b9t #cptrck",41.628716,-4.7892835,0.0
"Universal Pictures Spain
Toro - Spot 2
https://t.co/wq1UBT5xCk #cptrck",43.390579,-5.801811,0.0
"Universal Pictures Spain
Toro - Spot 3
https://t.co/HPGwIdhCIA #cptrck",40.49154229999999,-3.8986683,0.0
"Universal Pictures Spain
Toro - Spot 4
https://t.co/zd5aKzknE0 #cptrck",43.318098,-1.982688,0.0
I just finished mountain biking 18.50 km in 1h:08m:53s with #Endomondo #endorphins https://t.co/cmxs9S1mir,41.748406,1.905072,0.0
"#TBT one of my most memorable people to have had the pleasure of meeting, partying and sharing aâ€¦ https://t.co/efMqV8jApo",38.98075,1.29655,0.5
Spa timeğŸ›ğŸš¿ğŸ’¨ğŸ’¦ @ Aquatherapia https://t.co/yo2wtWcUlA,40.96357669,-5.66292303,0.0
I just finished walking 7.73 km in 2h:16m:21s with #Endomondo #endorphins https://t.co/VPEwd5euKl,40.213078,-6.796314999999999,0.0
"Hanging with the homies @ Granada, Spain https://t.co/qAf6YIo60W",37.1833,-3.6,0.0
I'm at Zen Market in Madrid https://t.co/pkN3T39w58 https://t.co/HKp7SblO3x,40.45218711,-3.68885181,0.0
"Barcelona's way of life!

#contigomismo #contigo #hairdresser #yeeesbarbers #peluqueria #barberoâ€¦ https://t.co/nSzCiELkAo",41.3833,2.18333,0.0
"""I've got fire for a heart, I'm not scared of the dark."" @ Perryâ€¦ https://t.co/ccgw3WoLrd",36.78053,-2.77555,-0.15
"ğŸ’ƒğŸ½ @ Seville, Spain https://t.co/VPypTYykfJ",37.3772,-5.98694,0.0
"Every picture tells a story. @ Casa Joya Rural guesthouse, apartments and restaurant https://t.co/lv9u8T91M0",37.56509762,-1.99788094,0.0
I want to come back ğŸ”™ğŸ˜£â˜ @ Monasterio De Piedra https://t.co/ns217aVyRj,40.3750516,-3.6659473,0.0
Menu del dia! Something with tomates #lovethisplace (@ Ramona in Barcelona) https://t.co/ecZRNUdRkd https://t.co/figFCoB0fU,41.40244389,2.16785088,0.0
"TBT - when me &amp; my bestie went on an adventure.... @robynalthasen ğŸŒğŸ’•ğŸŒ´

#tbt #marbella #shootâ€¦ https://t.co/Vv6qP7prA8",36.5167,-4.88333,0.0
Calor en Murcia. @ Cathedral of Murcia https://t.co/6bc4lycR6T,37.9838,-1.1283,0.0
don't waste your young by growing up ğŸ‘ğŸŒˆğŸŒ¸ @ Centre Pompidou MÃ¡laga https://t.co/kZxNwxOlA4,36.71855,-4.41256,-0.05
DONG DONG!!,41.545639,1.893817,0.0
"#tbt last year @afrojack finishing on ""Take over Control"" @bcmmallorca top night #memories #edmâ€¦ https://t.co/G5mMbNnpy0",39.50922565,2.53393334,0.25
Just posted a photo @ Hospitalet de Llobregat Collblanc https://t.co/dhLGoJkVCR,41.37289819,2.12272483,0.0
Just posted a photo @ Paseo de la Castellana https://t.co/8j8HmH3NsT,40.44388889,-3.69138889,0.0
"Wind 17,3 km/h SSE. Barometer 1014,2 mb, Falling slowly. Temperature 24,4 Â°C. Rain today 0,0 mm. Humidity 35%",38.75388889,-0.1075,-0.30000000000000004
Can you tell I'm a #cheese fan?ğŸ˜‹golden #pastry #food #foodpic #foodlovers #barcelona #restaurantâ€¦ https://t.co/Y2HL3pTbyv,41.40799399,2.18979998,0.0
Just posted a photo @ Castillo de Gibralfaro https://t.co/YqxceawSbJ,36.723333,-4.411667,0.0
"14k bike ride, enjoying the Spanish coastline",37.7544493,-0.8437921,0.25
I just began a walking workout using #Endomondo. Peptalk me now @ https://t.co/VPEwd5euKl,40.214912,-6.792833,0.0
Inside #santiagobernabeu,40.4534078,-3.6885032,0.0
ding ding ding ding DONG DONG!!,41.545639,1.893817,0.0
Just posted a photo @ Hospitalet de Llobregat Collblanc https://t.co/rPYWZd679e,41.37289819,2.12272483,0.0
A cuidarse! #skincare #dermatologÃ­a (@ BeautyDerm in Barcelona) https://t.co/siBCG9AcKe,41.394168,2.131976,0.0
"Yes, come on, it's Thursday, Saturday is near. ğŸ‘ŒğŸ½ğŸ¤˜ğŸ½âœ…ğŸšµğŸ½ğŸ’¨ #love #dh #tbt #downhill #bike #scottâ€¦ https://t.co/3dRwmEpzbD",39.79214,-0.8609319999999999,0.3
"Do not go gentle into that good night,
Old age should burn and rave at close of day;
Rage, rageâ€¦ https://t.co/pJ1XHcCbor",40.54423900000001,-3.69203,0.3333333333333333
Just posted a photo @ Feria de Abril de Sevilla https://t.co/rbRnUNv1nH,37.37514,-5.99293,0.0
MAdrid - Visit: https://t.co/eYCTOhC1rs https://t.co/ZNiaexBxq4,40.399837,-3.70124,0.0
"I'm at @KokuKitchen Ramen in Barcelona, Catalonia w/ @blankyto86 https://t.co/JtOc256vSr https://t.co/8lfsSKbNqs",41.37981342,2.17940211,0.0
"Affiches #instamadrid @ Madrid, Spain https://t.co/wkSGqn1w76",40.4,-3.68333,0.0
Just posted a photo @ Hospitalet de Llobregat Collblanc https://t.co/lraolQ1VeH,41.37289819,2.12272483,0.0
The big city #Seville #Seville2016 #Sevilla #Sevilla2016 #Spain #Spain2016 #espana #espana2016â€¦ https://t.co/3zJjLDNqbY,37.3772,-5.98694,0.0
"If you're gonna sing six songs, it might as well be for democracy. #Vinyl #History #Spainâ€¦ https://t.co/4UNciuurj8",40.40853,-3.69401,0.0
"We're Open!

#contigomismo #contigo #hairdresser #yeeesbarbers #peluqueria #barbero #primaveraâ€¦ https://t.co/IP7SgfYwFb",41.3833,2.18333,0.0
Fantastic hops hops hops! - Drinking an IPA by @CervezasCalifa @ Cervezas Califa  â€” https://t.co/fp0D3OCo2u #photo,37.8828,-4.77953,0.5
Just posted a photo @ Barrio San Blas Madrid https://t.co/qMUmzDM8Cu,40.423865,-3.6130805,0.0
Just posted a photo @ El Real de la Feria de Abril https://t.co/sjzX2wbbhP,37.37018676,-5.99999846,0.2
"11:55 EA7/OH2NOS/P on EA7/MA-008 (Reales, 1452m, 6pt) 14.064 cw: *[RBNHole] at DF4UE 19 WPM 08dB SNR [RBNHOLE]",36.4844,-5.2083,0.0
The sun's gonna rise like everyday â˜€ @ Cala Cantalar https://t.co/NxNCsOOVv1,38.35411475,-0.42266062,-0.2
"You know, were losing control
I gotta break away, or nothingâ€™s gonna changeğŸ’¥
-
#vscocam @ Haro -â€¦ https://t.co/zD82JPlFtn",42.57717993,-2.8468708,0.0
"Musica lounge &amp; Fashion, for cool people, like me! ;)

#contigomismo #contigo #fashionâ€¦ https://t.co/86isNceAaZ",41.3833,2.18333,0.4375
"11:52 EA7/OH2NOS/P (Saku) on EA7/MA-008 (Reales, 1452m, 6pt) 14.064 cw: qrv [OH2NOS]",36.4844,-5.2083,0.0
Went from baby spice to posh spice over night #brownhairdontcare,41.48932572,2.03322374,0.0
"Wind 8,0 km/h SW. Barometer 1013,79 hPa, Steady. Temperature 17,9 Â°C. Rain today 0,0 mm. Humidity 59%",38.72527778,-5.53666667,0.16666666666666666
"ğŸ™ˆ @ Madrid, Spain https://t.co/z2VrGaNPut",40.4,-3.68333,0.0
"Welcome back @diegorobles95 ğŸ‡«ğŸ‡·

#triatlon #triathlon #france #moritoblanco #africanblancâ€¦ https://t.co/NKdPXRzL0Q",39.6333,-0.6,0.4
"My loveğŸ’œ @ Pilas, Andalucia, Spain https://t.co/A1ZO6SiaeS",37.3031538,-6.29834308,0.5
Just posted a photo @ Feria de Abril de Sevilla https://t.co/3RlozflqZR,37.37514,-5.99293,0.0
"ğŸ––ğŸ¼ @ Madrid, Spain https://t.co/hKKHJDCrD9",40.4,-3.68333,0.0
Nuevas confirmaciones @bilbaobbklive 2016: Four Tet / Erol Alkan / Ame / Floating Points / Joeâ€¦ https://t.co/V5NoO8aayH,43.25901601,-2.96494813,0.0
Who cares what's behind Missing window. #VWGolf #Convertible #Spain @ Casco Historico De Toledo https://t.co/npOyGlZMGZ,39.86689274,-4.02043405,-0.30000000000000004
ğŸ˜ğŸ˜»ğŸ‘­ğŸ’ @ Discoteca MITTY https://t.co/QkO0CU6m4f,40.44261081,-3.71344933,0.0
Working table ... #workinprogress #textileart #textiles #workingtable #artetextil #hilos #studioâ€¦ https://t.co/93xOJxjDZs,40.4,-3.68333,0.0
I'm at @BasicFit_spain in Madrid https://t.co/fE6LchUL7U,40.430503,-3.70307608,0.0
Let's collect 10K around the world ğŸƒğŸ¼ğŸŒâœˆï¸  #running #run #madrid #nonstop #entrenamientoâ€¦ https://t.co/WkFCJVJump,40.425,-3.69027778,0.0
We join in the sun @ Catalunya Barcelona https://t.co/AlGPNjUbHJ,41.37389308,2.07131356,0.0
Beautiful paintings #malaga #spain #Erasmus #yearabroad #horse #streetart #vscoâ€¦ https://t.co/3XoBHN1DVV,36.7167,-4.41667,0.85
See you guys tonight at Fortuny. Get there early because it gets crazy. @ Fortuny https://t.co/4c5hPcMD4G,40.43443,-3.69013,-0.25
"ğŸ€ğŸ€ğŸ€ğŸ€ğŸ€ @ Torredonjimeno, Spain https://t.co/XbicmUI1kU",37.7667,-3.95,0.0
I'm at Disney Store in Barcelona https://t.co/a5xUNhWzzl,41.38526116,2.17346991,0.0
ding ding ding!,41.545639,1.893817,0.0
You made me find a kind of hapiness that I hadnt knownâ€¦ https://t.co/WUQzN4H0BF,40.2333,-3.68333,0.6
"ESN :  Spain head up strong European contingent: Pushed all the way in their UEFA play-off tie against Slovenia,â€¦ https://t.co/QDVU12yjFy",40.41970731,-3.69855957,0.11111111111111109
Just posted a photo @ Feria de Abril de Sevilla https://t.co/VZ1TtFg6vN,37.37514,-5.99293,0.0
I was out running 5.34 km with #Endomondo #endorphins https://t.co/XICtCVqCZh,36.759568,-6.3610120000000006,0.0
"Cool restaurant, interesting dishes and a place to put your phone (at @NORestaurant) https://t.co/LplLeVDYwx https://t.co/CkmIGyf6HB",40.42319169,-3.68640661,0.425
Polaroid --&gt; Alvaro Mel ğŸ’¥ thank u man! @meeeeeeeel_ #mel #alvaromel #polaroid #portraitâ€¦ https://t.co/JC9KoKa0QX,40.42228661,-3.7089737,0.0
M1 of Dead Prez with DJ Bonnot at Sala Apolo!!! Sh*t got real last night!! On every level!â€¦ https://t.co/toSYYfx2fp,41.3833,2.18333,-0.1953125
Who Want Limited Caps x Melin Brand Exclu @ Block Shops Barcelona //Webshop : https://t.co/yiIT27tB1Zâ€¦ https://t.co/1XoJ8ekudB,41.38419868,2.17342615,-0.07142857142857142
HARD GALIZA UNDERGROUNDğŸ”¥ğŸ”¥ğŸ”¥ @hardgaliza @lisendivuli @jpuerto13 @â€¦ https://t.co/lPUO96gaBc,36.70139,-4.46765,-0.2916666666666667
last night I knew what to say but you weren't here to hear it @ JardÃ­n de Monforte https://t.co/KZeLnNptta,39.477467,-0.364856,0.0
I love my job. w/desperados @ IFEMA - Feria de Madrid https://t.co/z8VDqwD4qh,40.46721802,-3.61671203,0.5
Enjoying fresh cider in the basque country with our Rose Gold handmade Carousel timepiece. Alsoâ€¦ https://t.co/iJk8L82F9K,43.29047899,-1.94106622,0.4666666666666666
Who Want Caps x Cayler &amp; Sons @ Block Shops Barcelona //Webshop : https://t.co/yiIT27tB1Z // #blockbcnâ€¦ https://t.co/DXcoYucI34,41.38419868,2.17342615,0.0
Missing those summer days with my girl @robbierendo #hurryupsummer #mastercraft2016 #ronixâ€¦ https://t.co/bvKqGhfjDi,40.37003075,-4.32055692,-0.2
"""And when you smile "" @ Salamanca, Espana https://t.co/7msNR7BeVS",40.96846377,-5.64778584,0.3
"11:33 EA7/OH2NOS/P (Saku) on EA7/MA-008 (Reales, 1452m, 6pt) 14.285 ssb: qrv in one minute! [OH2NOS]",36.4844,-5.2083,0.0
Dancing w/ @omimusiconline last saturday at  #LaNocheDeCadena100 #Madrid #cheerleader #omiâ€¦ https://t.co/qcvmeg583I,40.4238118,-3.6719812000000007,0.0
"Bbq con mis guapas ğŸ˜ğŸ˜ @ El Trapiche, Andalucia, Spain https://t.co/tAQb8bXE5k",36.8167,-4.11667,0.0
"Â·GenilÂ·
ğŸŸPATATAS: Perfect standard. Da place!
ğŸ”¥SALSAS: Mayo genial + spicy very bien.
ğŸ´GLOBAL:â€¦ https://t.co/GwuNAt4NUa",41.22359,1.71977,0.3
Just posted a photo @ El Real de la Feria de Abril https://t.co/6AkBNtLm9E,37.37018676,-5.99999846,0.2
I just finished running 21.29 km in 1h:59m:16s with #Endomondo #endorphins https://t.co/OGLUvfS9x1,37.484399,-2.775156,0.0
I'm at Toyo in Barcelona w/ @lewiemortier https://t.co/QRZhWsrMpK,41.39876714,2.16108799,0.0
@lasalabythesea  -  Pornstar martinis by the pool ğŸ¸ğŸ‘ŒğŸŒ´Just 2 weeks to go now.. #lasalabytheseaâ€¦ https://t.co/9iZNi9M5o7,36.48496938,-4.9613142,0.0
Gold&amp;White #fixie #fixiedreams  #fixiegram #fixieporn #fixielove #Zaragoza #piÃ±onfijoâ€¦ https://t.co/n4z40U0C30,41.65,-0.8833,0.0
"Coming soon in my youtube channel!!! 
Link in bio ğŸ‘Œ
#faded #alanwalker #runawayâ€¦ https://t.co/4fRqQ8ex7q",40.9667,-5.65,0.0
I just finished running 16.01 km in 1h:19m:30s with #Endomondo #endorphins https://t.co/I88JH3Bfti,40.35533499,-3.67705643,0.0
ding ding!,41.545639,1.893817,0.0
"Camiseta Dcshoes 123 Kingcard.
Precio: 30â‚¬
#dcshoes #dcshoesusa #dcshoesvalencia #urbanklanâ€¦ https://t.co/gchsyxSKRE",39.479457,-0.37932069,0.0
@lasalabanus  -  #LadiesWhoLunch @lasalabanus between 1-3pm on weekdays will get FREE unlimitedâ€¦ https://t.co/OT0E1kuk6h,36.49020628,-4.95698115,0.4
The kids are alright @ 24/7 Bed &amp; Breakfast https://t.co/jvMzAo6oWp,39.46301,-0.33747,0.0
WAVE TO THE FUTURE ğŸŒŠ#surfcityfestival #barcelone #monfrÃ¨reestunestar  @surfcityfest @ St. Andreuâ€¦ https://t.co/eRRcPfNC0Q,41.43030715,2.19011117,0.0
"Got to be my favourite plane as an Evertonian, in one of the best parts of the world! On theâ€¦ https://t.co/Y2H7qlMFyp",38.87621135,1.36843742,1.0
"Office view for a few days #opendeespaÃ±a #Valderrama #sergiofoundation â›³
#werkwerkwerk #tannageâ€¦ https://t.co/6Vwfbjt9BU",36.28300084,-5.32770012,-0.2
FERIA 2ï¸âƒ£0ï¸âƒ£1ï¸âƒ£6ï¸âƒ£ ğŸ»ğŸ’ƒğŸ»â¤ï¸ @ Feria de Abril de Sevilla https://t.co/XdONowUnOF,37.37514,-5.99293,0.0
"There must be magnets in our pockets ğŸ‘¯#Repost gemmagracecharters
ãƒ»ãƒ»ãƒ»
Farewell my soul sister!!!â€¦ https://t.co/SZ9xDTqujd",38.88567000000001,1.27158,0.0
"ğŸ‘¸â¤ğŸ‘¸â¤ğŸ‘¸ @ Seville, Spain https://t.co/DOCfOx4Rhp",37.3772,-5.98694,0.0
Me and the love of my life. She's been incredibly sweet and lovelyâ€¦ https://t.co/jXOqXCCubd,40.41700072,-3.70670414,0.45
Just posted a photo @ Barrio Valdezarza https://t.co/ZgFaArk7Yq,40.4642291,-3.71727521,0.0
"The last day together... :(  Gracias totales... @ EAE Business School, Madrid.- https://t.co/oeKNLP2XIM",40.44381,-3.68373,-0.375
"11:25 EA7/OH2NOS/P on EA7/MA-008 (Reales, 1452m, 6pt) 14.0632 cw: *[RBNHole] at F6IIT 19 WPM 06dB SNR [RBNHOLE]",36.4844,-5.2083,0.0
Just posted a photo @ Hospitalet de Llobregat Collblanc https://t.co/ndCgVrOZXs,41.37289819,2.12272483,0.0
M1 of Dead Prez with DJ Bonnot at Sala Apolo!!! Sh*t got real last night!! On every level!â€¦ https://t.co/k3nZN2tVEC,41.3833,2.18333,-0.1953125
I'm at Toledo in Toledo https://t.co/F0OkEOjd6s,39.85701348,-4.02472973,0.0
Just posted a photo @ Hospitalet de Llobregat Collblanc https://t.co/mdBGFOd8cd,41.37289819,2.12272483,0.0
"#LaPepita #CoCreation space
#Relaxing time
Working on #Erasmus+â€¦ https://t.co/cA9s2erYWs",43.25500218,-2.92644024,0.0
National campaign against tuition fees and cuts #Spain #Madrid @â€¦ https://t.co/vvBtYUNnDt,40.41366774,-3.70169462,0.0
Oracle: Tech Sales Rep Norway market to be based in Amsterdam or Malaga (#Campanillas) https://t.co/ATG5vOywVn #Sales #Job #Jobs #Hiring,36.7526615,-4.5593849,0.0
thebarberclubmarbella  -  We have the best coffee in Marbella! @ The Barber Club Marbella https://t.co/BudAyQliXQ,36.48969635,-4.95753765,1.0
Just posted a photo @ Hotel Alfonso XIII https://t.co/hloIwIjgLb,37.38222222,-5.99222222,0.0
"Philipp Plein #SpringSummer16 Collection ğŸ”ğŸ”ğŸ” @philipp_plein 
#Heels #Heelstique #Luxury #Shoesâ€¦ https://t.co/HoLAxmGntq",40.43048,-3.68451,0.0
Cumpleyuno feliz de @deskolorio #RedVelvet #Oreo @ Pelican Rouge Belgian Coffee Shop Madrid https://t.co/uuNokSRQRn,40.42747,-3.69638,0.0
A feria without a beautiful woman next to you its not a #feriaâ€¦ https://t.co/ZayVFISTfL,37.37514,-5.99293,0.425
I'm at Panasonic Service in Valencia https://t.co/ryeWG2U8u4,39.46768047,-0.38924506,0.0
Miss u,41.6542956,-0.88526,0.0
Just posted a photo @ El Real de la Feria de Abril https://t.co/TSJ6CrOy5n,37.37018676,-5.99999846,0.2
I enjoyed Barcelona so much that this was the only photo I took there #35mm #film #portra400â€¦ https://t.co/pOsSndOxcH,41.40384119,2.17477798,0.2333333333333333
"10:55 EA7/OH2NOS/P (Saku) on EA7/MA-008 (Reales, 1452m, 6pt) 14.063 cw: qrv in one minute! [OH2NOS]",36.4844,-5.2083,0.0
Just posted a photo @ El Real de la Feria de Abril https://t.co/WCoK8UoJXL,37.37018676,-5.99999846,0.2
Want to work in #Campanillas? View our latest opening: https://t.co/ZyDEMbKV48 #Sales #Job #Jobs #Hiring #CareerArc,36.7526615,-4.5593849,0.5
#dipinthepool #april in #lanucia #benidorm is NOT WARM. Straight in and back out.  But bloodyâ€¦ https://t.co/ZiDuRMIfgP,38.5814781,-0.12072384,-0.225
Latin Lovers + Magister (nuestro Reiseleiter) ğŸğŸ” @ Plaza Mayor Ourense https://t.co/khOSSbc7FA,42.33582963,-7.86387836,0.0
We're getting ready for the 22th April event: The Big Ticket djsâ€¦ https://t.co/vZYMCx3D40,41.39774,2.19108,0.1
Just posted a photo @ Barcelona Centre https://t.co/tsDeRvx0D6,41.38701095,2.16822409,0.0
I just finished walking 17.10 km in 4h:08m:15s with #Endomondo #endorphins https://t.co/SNRCTGJyvx,36.7399059,-4.4217198,0.0
Just posted a photo @ Barcelona Centre https://t.co/V6kDojmEbO,41.38701095,2.16822409,0.0
"Just posted a photo @ St Eulalia, Ibiza https://t.co/bGhO50wZ92",38.98486870000001,1.53378989,0.0
"Sexy thursday.ğŸ‘¬ğŸ’ªğŸ¾ @ Madrid, Spain https://t.co/T4xnwPvqp9",40.4,-3.68333,0.5
Why are supermarket employees selectively nice to people like ??? I want to be loved for buying food too,40.41858065,-3.67623574,0.6499999999999999
"Beauty, melancholic, relaxing, holiday mode all in San Sebastian #lovedonosti #trendydonostiâ€¦ https://t.co/mqdLKlv6An",43.32513,-1.9757,0.0
Love this supermarkets #ametllerorigen #freshvegetables #healthyfood #healthylife #lifeofasingerâ€¦ https://t.co/TpqmQgYJII,41.40384119,2.17477798,0.5
On top of 769-metre Monte Calomorro which provided the majectic viewâ€¦ https://t.co/zXUIvqUQZX,36.61669328,-4.55946676,0.5
I'm at chiva https://t.co/Y4rppD8BCb,39.4612246,-0.71686781,0.0
"Just posted a photo @ Granada, Spain https://t.co/yAYScEWYN4",37.1833,-3.6,0.0
Thanks @magicmagno x Visitarnos @ Block Shops Barcelona //Webshop : https://t.co/yiIT27tB1Z //â€¦ https://t.co/BQLuKUwEF0,41.38419868,2.17342615,0.2
"Just posted a photo @ St Eulalia, Ibiza https://t.co/7PMuuy1bAx",38.98486870000001,1.53378989,0.0
Beat my #baaw / #baaos (Bike against an Olympic stadium) â € â €â € â €â € â €â € â €â € â €â €â € â €â €#wymtm â€¢â€¦ https://t.co/dVwEyHF7bL,41.36586771,2.15534338,0.0
ding ding ding!!!!!!!!!!!!,41.545639,1.893817,0.0
Walking around #Madrid ğŸ·âœˆğŸŒğŸ“š https://t.co/srwLxPVJ3H https://t.co/5rlTw5m6eK,40.41546470000001,-3.71456712,0.0
"ğŸ”¼âœ¨ğŸŒ™ğŸŒğŸ†“3ï¸âƒ£ğŸ¦„ğŸ‘‘âœ¨ğŸ’–ğŸ”¼ #dÃ­ainterncionaldelbeso #felizdiadelbeso #lomejorlotengoyo @ Lorca, Spain https://t.co/g695ZkMRLW",37.6667,-1.7,0.0
Welcome #Spring #Primavera #Zaragoza #HoyLoPetemos #Pilar #Pilarica #LaVirgenDelPilarDice @â€¦ https://t.co/5ZZtf5Rtnt,41.65472222,-0.87583333,0.8
"ğŸ¨ğŸ¦ğŸ§ (with Filzah, Aimee, and 2 others at llaollao) â€” https://t.co/o6nyaWMDJF",40.4177,-3.70376,0.0
I'm at Calle de Serrano in Madrid https://t.co/JcbtIvZ3cc,40.42074954,-3.68861675,0.0
Beat my #baaw / #baaos (Bike against an Olympic stadium) â € â €â € â €â € â €â € â €â € â €â €â € â €â € â €#wymtm â€¢â€¦ https://t.co/eBjVkFXJoj,41.36586771,2.15534338,0.0
Focus the small things #bee #nature #spring #primavera #tree #blosom #andalucÃ­a #granada #vscoâ€¦ https://t.co/jWvNIeJMOr,37.17613976,-3.58493676,-0.25
Just posted a photo @ Las Rozas Village https://t.co/OV5sByD63w,40.51798098,-3.90074181,0.0
"With Filzah, Dinda, and 2 others at @llaollao â€” https://t.co/8W1WydhrkC",40.41782,-3.70399,0.0
"Placeres Gourmet.
Vinagres. https://t.co/2PguLemI52",36.594752,-6.2349544,0.0
"ğŸ”µ Backside 5.0 ğŸ“· @talvarezalsina 

streetboardspain gazpachoboards @bkfootwear #streetboardâ€¦ https://t.co/hdCNt0y174",41.4952316,2.2449,0.0
I'm at @YogabodyBcn in Barcelona https://t.co/z0zH2oD4zw,41.39543245,2.17747707,0.0
I was out running 10.52 km with #Endomondo #endorphins https://t.co/0RauhIL3Gb,37.274170700000006,-6.9451797000000015,0.0
"ESN :  Spain arrested man suspected of arming Jewish supermarket attacker: BARCELONA, Spain â€“ A man suspected ofâ€¦ https://t.co/8kXbrUawpY",40.41970731,-3.69855957,0.0
ESN :  Business Development Manager - Italy Spain Portugal: Job Title: Business Development Manager. Location: Mustâ€¦ https://t.co/RquhXPiacJ,40.41970731,-3.69855957,0.0
ESN :  Panic on board Spain-bound flight after 'terror scare': The drama reportedly took place on the tarmac ofâ€¦ https://t.co/UdaEKIdhOO,40.41970731,-3.69855957,0.0
I just finished walking 4.40 km in 58m:01s with #Endomondo #endorphins https://t.co/zPotnmqZCM,39.430649,-0.474511,0.0
"Just posted a photo @ Bahia, Puerto De Mazarron https://t.co/uAmaXMCmDw",37.55936899,-1.27468192,0.0
I was out mountain biking 47.26 km with #Endomondo #endorphins https://t.co/EX9u6NEO57,37.398009,-5.924595,0.0
Just posted a photo @ Linares City https://t.co/vx29tLfkvw,38.09356621,-3.62938111,0.0
"Just posted a photo @ St Eulalia, Ibiza https://t.co/ni6l4jCKtk",38.98486870000001,1.53378989,0.0
I just finished running 8.02 km in 41m:16s with #Endomondo #endorphins https://t.co/9FQTa8meYu,37.39459229999999,-6.0256484000000015,0.0
".....More Bring Me The HorizonğŸ’€ğŸ’•ğŸ’—ğŸ˜ˆ
#bringmethehorizon #thehouseofwolves #sempiternal #metalcoreâ€¦ https://t.co/RNKDcz3vsP",40.37783044,-3.61550516,0.0
Here it comes ! B Travel is about to begin. For the next 3 days in Barcelona Fira ! ğŸ˜† @ Fira Deâ€¦ https://t.co/R2npcAkJNW,41.37334436,2.15057783,0.0
I'm at @Barcelona_cat in Barcelona https://t.co/NSFWdmKtw2,41.38827174,2.16997147,0.0
"@LakersReporter I agree. Both are legends now, but @MagicJohnson ""enjoyed"" the game, like Curry does now; @kobebryant ""worked"" the game.",40.02626881,-5.47871725,-0.10000000000000002
"This is the G-Squad  #YoTambienLaSuboPorquePuedo @ Tudela, Navarra, Spain https://t.co/bz7yxm6zK2",42.0833,-1.6,0.0
"@clare666 Happy Birthday, girl!! Have a marvellous day and a lot of gifts! :****",41.647133,-0.9080938,1.0
I don't want something extraordinary ğŸŒ± @ Sanxenxo https://t.co/HsllriOHVS,42.4012728,-8.810050629999997,0.3333333333333333
Barcelona Beauty â¤ï¸ @scottycuz #barcelona #gaudi #lasagradafamiliaâ€¦ https://t.co/9ITGYintOG,41.4035796,2.17393062,0.0
"Train.ğŸš… Barcelona. ğŸ“· 
#catalunya #Barcelona #Bridge #Train 
#lugaresimperdiblesâ€¦ https://t.co/IitVjAw9oH",41.3833,2.18333,0.0
"@dwallrus @VyRT @JaredLeto @30SECONDSTOMARS Thank so much, Dan! :-)",41.6471322,-0.9080922,0.375
when u go to the burguer king ğŸ” @ El Corte Ingles Bahia de Cadiz https://t.co/Mk3nZrXDEI,36.52136338,-6.27672924,0.0
"With a_domenech98 â˜€ğŸŒ´ @ Ibiza, Islas Baleares https://t.co/CdNLUEUuQZ",38.94475698,1.23543327,0.0
"@NRichard9 @VyRT @JaredLeto @30SECONDSTOMARS Thanks, Ndine! :-) :***",41.6467978,-0.9078883,0.375
ding ding!!!!!!!!!!!!,41.545639,1.893817,0.0
Some pretty exciting conditions out in Barcelona. Just waiting to go on the water for day 4 ofâ€¦ https://t.co/NzN1FnvLxs,41.3833,2.18333,0.275
"Don't play just to play
play with a purpose
play to win
#ğŸğŸ’™ @â€¦ https://t.co/ZhKYEidJJx",36.83854315,-2.43862056,0.8
I just finished running 9.01 km in 44m:03s with #Endomondo #endorphins https://t.co/wt7o9aFkNs,37.37574910000001,-5.949314299999998,0.0
"@kimsippingtea @sloansworld @JaredLeto @VyRT @30SECONDSTOMARS :-)) Thanks, Kimber!",41.6471329,-0.9080943,0.375
Relaxing cup of coffe #takingabreak @ Puerto De Sada https://t.co/8elO7mnUsi,43.3621718,-8.2506098,0.0
"Hello Kimba, are you hungry?
#dog #dogsofinstagram #pug #puppy #batface #sadface @ Can Sant Joan https://t.co/ToeuTvtJ4p",41.46994882,2.18559479,0.0
#handmade #flags at our window #kindergarten #iteachkinder #iteachkindergarten #iteachtooâ€¦ https://t.co/pUUTx3SPuu,40.40621094,-3.68500995,0.0
"@Rachel__Nichols @ESPNNBA @kobebryant needed 60 points to get 25 career PPG, so he just got them ğŸ",40.026532,-5.478388,0.0
"@sloansworld @JaredLeto @VyRT @30SECONDSTOMARS Thanks, Sloan! :***",41.6471333,-0.9080956,0.25
Super collection of eighties Fiorucci posters at Showroom Central Barcelona. #fiorucci #showroomâ€¦ https://t.co/474SrTxlxD,41.38701095,2.16822409,0.16666666666666666
"@torturedyouandi Now or more later what matter is that you enjoy it.... Better yet, each day. :-) &lt;3&lt;3",41.6471333,-0.9080944,0.38
To infinity and beyond!!!!! #vans #galaxy @ Playa Almerimar https://t.co/DsUmWnVRwk,36.698364,-2.79135919,0.0
"Just posted a photo @ St Eulalia, Ibiza https://t.co/wUaCoVWex5",38.98486870000001,1.53378989,0.0
Just posted a photo @ Barcelona Centre https://t.co/1vjX8Z2YkT,41.38701095,2.16822409,0.0
Rested and getting Ready for neverhaveievermarbella thursdays the weekend begins tibu guys checkâ€¦ https://t.co/8ShhidRYgy,36.48453248,-4.95372874,0.2
"Arriving home from our holiday in Spain, having explored Valencia, lay on the beach &amp; superâ€¦ https://t.co/BPgfSdwuHf",39.46666667,-0.38333333,0.3333333333333333
Just posted a photo @ Barcelona Centre https://t.co/sMfQJudmnG,41.38701095,2.16822409,0.0
"@WilmaVyRT @JaredLeto @VyRT @30SECONDSTOMARS Thanks, Wilma! :***",41.6470153,-0.9090914,0.25
I just finished running 4.37 km in 31m:47s with #Endomondo #endorphins https://t.co/nmIUYp09JM,41.4531162,2.20077806,0.0
.@rribback talking about augmented reality glasses and caps - a great tool for more #accessibility! #forumturistic https://t.co/9yqmEDqyHe,41.3715135,2.1491107000000005,0.7125
Welcome To The family ! #korg #korgminilogue #synth #synthesizer #sound #amazing #analog #studioâ€¦ https://t.co/tZktNIDaie,38.90447139,1.42882407,0.6666666666666666
God thinks you're a waste of flesh.,37.37651029999999,-5.96915479,-0.2
That's what she said @ Torre Agbar https://t.co/U8T3d69TdA,41.40333333,2.18944444,0.0
"ğŸ‡¬ğŸ‡§Bultaco Tralla 101 completly pickling before being repaired and painted.
ğŸ‡ªğŸ‡¸Bultaco Tralla 101â€¦ https://t.co/AGcO5sCoLh",41.38779,2.13601,0.0
Just posted a photo @ Feria de Abril de Sevilla https://t.co/SgNiS22mLC,37.37514,-5.99293,0.0
In #ForumTurisTIC @rribback from @VerbaVoice talks about #audio #technology #accessibleevents #handicap,41.37132738,2.14960837,0.0
Just posted a photo @ Caminomorisco - Las Hurdes https://t.co/qr4TDMEiW9,40.32586859,-6.29236799,0.0
"Perfect breakfast location ğŸŒğŸŒğŸŒ
#breakfast #morning #sun #eggs #relax #healthylifestyleâ€¦ https://t.co/KB2FATnII0",41.37963,2.18799,1.0
I'm at @Fnac_esp in Barcelona https://t.co/oNOqWGXD7Z,41.38589716,2.16946721,0.0
Just posted a photo @ Barcelona Centre https://t.co/5FMk5HKXF8,41.38701095,2.16822409,0.0
I just finished walking 4.61 km in 43m:24s with #Endomondo #endorphins https://t.co/ENwLlX0Hlh,38.9920024,-3.3698391000000005,0.0
ding!!!!!!!!!!!!,41.545639,1.893817,0.0
I'm at @ElTriangle Centro Comercial in Barcelona https://t.co/QPiVRS9OH6,41.38602694,2.16963584,0.0
I was out running 2.10 km with #Endomondo #endorphins https://t.co/J6jyUPT2r1,36.543437,-4.618814,0.0
"Throwback to a freaking night in Marbella ğŸ‰ğŸ™ˆ #holidays#summerstyle#party#fun#selfie @ Marbella,â€¦ https://t.co/nKuGBuWKSs",36.5167,-4.88333,0.0
"Birthday Here! ğŸ‚ğŸˆ #23 #layout#vsco #vacocam #afterlight @ Barcelona, Spain https://t.co/ymheJogpJ0",41.3833,2.18333,0.0
Exciting!!! Next adventures with MA girls @InxSalcedo @yudelkiguerrero @rafaelyoel is coming soon #paintball...,40.501579,-3.6639392,0.29296875
I'm at Taste Gallery in Madrid https://t.co/D2MBDWzs9j,40.41538626,-3.70925059,0.0
"Feliz #14abril
#porlatercera #vivalarepublica #salud #republica @ Madrid, Spain https://t.co/iqWZQGy0Lt",40.4,-3.68333,0.0
"Colors by @hm ğŸŒ¸ #ootd #feriasevilla2016 #juevesdeferia @ Seville, Spain https://t.co/1bEte5XeNq",37.3772,-5.98694,0.0
Great news for online marketers;#Facebookâ€™s Instant Articles Now Available to Everyone via @SouthernSEJ #socialmedia https://t.co/cnvIA0ltu7,40.4406908,-3.708503700000001,0.4000000000000001
Delicious food in Barcelona #breakfastcake #food #foodstagram #travelingram #sunnyday @ Brunch &amp;â€¦ https://t.co/R1nHVwW587,41.38833193,2.16168356,1.0
Just posted a photo @ Valladolid https://t.co/NQzqcbhcUv,41.65,-4.71667,0.0
Home Sweet Home @Lassofilms #lassofilms #lassofilmsbarcelona #skateboarding #skatelifeâ€¦ https://t.co/WvbtJGx9oS,41.3833,2.18333,0.35
Leveraging tech for good. CALM as an airbnb solution for #refugeesâ€¦ https://t.co/2AMaK2nPvL,41.39365,2.11438,0.5
I'm at Marca in Madrid https://t.co/fYiq5fU9s8,40.46921672,-3.65638733,0.0
Finally on the road to redemption. It's a dirty affair initially so hopefully you'll stick withâ€¦ https://t.co/nnC19rXMRl,38.90447139,1.42882407,-0.19999999999999998
"World goes vegan! ğŸ’œğŸŒ± @ Zaragoza, Spain https://t.co/vBDXiO74rC",41.65,-0.8833,0.0
ğŸ‘½ @ Area 51 https://t.co/q2RE0spNtP,38.25735,-0.70917,0.0
I'm at Calle Toro in Salamanca https://t.co/j3nmAm0Yke,40.96740727,-5.66169262,0.0
We gonna run this town âœŒ #igers #igersbcn #boy #boys #itboy #pose #couple #love #gaylove #niceâ€¦ https://t.co/S0dgKH75zg,41.38701095,2.16822409,0.55
I was out running 7.84 km with #Endomondo #endorphins https://t.co/hMr7XOVzfA,41.53204,2.184177,0.0
"ESN :  Muslim hate crimes in Spain increase tenfold: According to Riay Tatary, the head of the Islamic Commissionâ€¦ https://t.co/IlsHybPTAj",40.41970731,-3.69855957,-0.8
"ESN :  Spain's Podemos Opens Debate for Possible Coalition Government: Just over 396,000 members of Spain'sâ€¦ https://t.co/qQEbhDzkc0",40.41970731,-3.69855957,0.0
"ESN :  Cheap holiday in Menorca, Spain only Â£139pp - incl. flights, 7 nights hotel, luggage &amp; car hire: Cheapâ€¦ https://t.co/Uo4CeObjFn",40.41970731,-3.69855957,0.26666666666666666
HermaninğŸ’™ğŸ’¥ @ Valencia Beach https://t.co/4ewlO6qKpr,39.46722078,-0.32368479,0.0
Just posted a photo @ Club de Tenis Hotel Puente Romano Â· Marbella https://t.co/vCEZ5DjzrV,36.50234785,-4.92619848,0.0
"@sternjobname Thanks James! Ooh such a tempting offer... mind you, grey ib Madrid today too! Hope you're well xx",40.4894181,-3.5907265,0.0625
Just posted a photo @ Sol y Padris (Sabadell) https://t.co/dFWP7Kvz2j,41.53648119,2.11908452,0.0
I'm at Calle Zamora in Salamanca https://t.co/Ap6uYOXgoY,40.96972973,-5.66406464,0.0
Just posted a photo @ Feria de Sevilla https://t.co/5UHu3YOcA7,37.37037635,-6.00033119,0.0
"Just posted a photo @ Murcia, Murcia https://t.co/BnXsPquntY",37.9861,-1.1303,0.0
Great stay! ğŸ˜â˜€ï¸ğŸ‘¯ #ibiza #justarrived #sunnyday #beautifulplace #thankful #tanning @ Hotel Xerecaâ€¦ https://t.co/vNH0ZKMp6h,38.93003,1.43343,1.0
"Happy weekend ğŸ‡ªğŸ‡¸ @ La Rambla, Barcelona https://t.co/Kjkvz2oyva",41.38138889,2.17305556,0.8
"The fabolous four 

#trip #intrÃ©pidos #trepidante #jabuguito #rebujito #sevilla @ Giralda https://t.co/o2Cz8gnwzV",37.38619444,-5.99241667,0.0
I was out mountain biking 20.48 km with #Endomondo #endorphins https://t.co/y86Hi1zgWy,41.688629,2.166978,0.0
DONG DONG DONG DONG DONG DONG DONG DONG DONG DONG DONG DONG!!!!!!!!!!!!,41.545639,1.893817,0.0
"Just posted a photo @ Granada, Spain https://t.co/WgjgFqhg4O",37.1833,-3.6,0.0
"@apodemia New In!

SHOP ONLINE â¡ https://t.co/b8LtDHFYHS

#apodemia #24h7d #jewelry #joyeria #earringsâ€¦ https://t.co/r5lI6b6rmt",40.4369087,-3.69979,0.17045454545454544
Good morning â˜€ï¸ #beautifulday ğŸ’‹ğŸš´ğŸ» @ Port - Vila Olimpica https://t.co/730hjMhbP5,41.38739127,2.19805152,0.7
"Wind 13,3 km/h ENE. Barometer 1015,4 mb, Rising slowly. Temperature 20,9 Â°C. Rain today 0,0 mm. Humidity 45%",38.75388889,-0.1075,-0.30000000000000004
"ğŸ“½ğŸ“¸ @ Burgos, Spain https://t.co/rIEO9ZyefW",42.35,-3.7,0.0
Just posted a photo @ Royal Tennis Club https://t.co/UPphRWsSNW,36.50414018,-4.80835153,0.0
ding ding ding ding DONG DONG DONG DONG DONG DONG DONG DONG DONG DONG DONG DONG!!!!!!!!!!!!,41.545639,1.893817,0.0
"Gracias @addeUVa 
Besis
With @AndreLokisima https://t.co/T0rNDj5R6e",41.6567064,-4.7106874,0.0
Enjoying the view from our boat! #thatviewtho #barcelona #spain #travels #beautifulday #boatâ€¦ https://t.co/eKUQOXBk5U,41.38666667,2.20027778,0.625
Just posted a photo @ Club de Tenis Hotel Puente Romano Â· Marbella https://t.co/8gTEkwvFHx,36.50234785,-4.92619848,0.0
All my experiences include a stunning Queensberry Album. Your LOVE story told the best wayâ€¦ https://t.co/WCa1FUPPza,40.45818231,-3.69736192,0.6666666666666666
Join the Oracle team! See our latest #Sales #job opening here: https://t.co/gGvSPOzfDZ #Campanillas #Hiring #CareerArc,36.7526615,-4.5593849,0.5
"Custom jeans
#reciclado #hechoamano #customizable #customclothing #customjeans #pockets #customâ€¦ https://t.co/zuZFYXgK1P",38.69787,-0.4744100000000001,0.0
"Valencia w/ Valencia filter. 

Cuz I remember this, last Monday. :)

#tbt #fallas2014 #journeyâ€¦ https://t.co/ncJpyTgihX",39.46955854,-0.41187089,0.25
Just posted a photo @ Casa Els Forrets https://t.co/Ky3g2erFNF,40.60083293,0.44704311,0.0
Just posted a photo @ Vallekas Boxing https://t.co/eoo7u1fHTV,40.38401029999999,-3.6726899,0.0
Just posted a photo @ Vallekas Boxing https://t.co/V5Balnyjpi,40.38401029999999,-3.6726899,0.0
"Let's try the vitaminwell_ 

#vitamin #vitaminas #vitamina #agua #manzana #verde #verduraâ€¦ https://t.co/Bb93UoVVhD",37.9857631,-1.1294135,0.0
"Yes! Because cool people smile #smile #smiling #werock #qotd â˜ºï¸ğŸ˜ƒğŸ˜ŠğŸ˜š @ Barcelona, Spain https://t.co/yLy5ILRdpt",41.3833,2.18333,0.31666666666666665
"Fuck In Your Fucking Face , Fuck You 
ğŸ˜ˆğŸ˜ˆğŸ’€ğŸ’€ğŸ’£ğŸ”ªğŸ’ª
#bringmethehorizon #fuckâ€¦ https://t.co/rgON968Btq",40.4,-3.68333,-0.44999999999999996
"Fun with slow-mo #pointe #redpointeshoes #ballet @ Zubia, Andalucia,â€¦ https://t.co/JQgurOjBKF",37.1185566,-3.58236663,0.3
"Meanwhile in #Salamanca... ğŸ˜ğŸ¤˜ğŸ¼ğŸ˜
#travel #traveling #yourtrips #travelgram #trip #spain #espaÃ±aâ€¦ https://t.co/dz92sKSfSj",40.96504016,-5.66409574,0.0
"BOOM!

#boomboomroom #boomboomroomgranada #gogos #dance #dancers #show #despedidasolteroâ€¦ https://t.co/vGfu7FD1rz",37.17746476,-3.59784148,0.0
I just finished running 5.64 km in 47m:08s with #Endomondo #endorphins https://t.co/wOm7l56WNb,43.376352,-5.819938,0.0
"Wind 8,0 km/h SSW. Barometer 1014,50 hPa, Steady. Temperature 15,6 Â°C. Rain today 0,0 mm. Humidity 67%",38.72527778,-5.53666667,0.16666666666666666
I just finished walking 2.06 km in 28m:13s with #Endomondo #endorphins https://t.co/fb2Ejpnzkd,40.96675,-5.678425,0.0
We all have a place in history. mine is clouds. we will touch the sky tonight. ğŸ™ #Madrid #towerâ€¦ https://t.co/fMDZNqCjEP,40.46664619,-3.6893092,0.0
I just finished running 5.61 km in 26m:38s with #Endomondo #endorphins https://t.co/xuj9nRgCDN,36.48859014,-4.98601232,0.0
Alice Barbe rocking the stage of _esade social innovation day!â€¦ https://t.co/6l96FIEg0x,41.39365,2.11438,0.041666666666666664
Just posted a photo @ Estatua De Colon https://t.co/TltBZJ6YyT,41.37601723,2.17750807,0.0
I'm at Harina in Madrid https://t.co/Yevp33Luob,40.4229701,-3.70042018,0.0
"Wow...US gluten free beers are shite, but this one is amazeballs.... (Blonde Ale) https://t.co/1VV663BxiS #photo",41.3873,2.18046,0.2
@barryscanlon aye I knew he sampled this. Its v v catchy,40.47743963,-3.36851732,0.0
I just finished walking 4.27 km in 35m:07s with #Endomondo #endorphins https://t.co/l98RZ9NFBX,39.557322,-1.9132,0.0
Perfect conditions. Jut leaving Marbella. Heading Gibraltar way.â€¦ https://t.co/lsVKF4XERS,36.50690971,-4.88875441,1.0
I'm at Calle Macasta in Sevilla https://t.co/XATk8PwwWt,37.39962337,-5.98624527,0.0
I just finished cycling 13.65 km in 30m:44s with #Endomondo #endorphins https://t.co/Fx7lxddmQU,36.48863305,-4.98610821,0.0
"Oatmel with banana hotcakeâ˜º @ Barcelona, Spain https://t.co/9LMcqP6U9v",41.3833,2.18333,0.0
Just posted a photo @ Teatro Musical De Barcelona https://t.co/S8B98J0ptF,41.37164851,2.15506901,0.0
I just finished mountain biking 23.85 km in 1h:57m:04s with #Endomondo #endorphins https://t.co/dPePPSFYCc,42.1328266,-0.4033728,0.0
Enjoyed speaking about Pantou today  at the #ForumTuristic @Eurecat_events #AccessibleTourism #Travel #technology https://t.co/IngxLw3zu2,41.3715135,2.1491107000000005,0.5
Gettin papped #misshazard #hazard #hazard0ne #art #artist #artwork #streetart #streetartbcnâ€¦ https://t.co/7zkfkC8Afs,41.43365979,2.17147668,0.0
I'm at Biblioteca Central https://t.co/QQvAFgj9cE,39.47966555,-6.33739471,0.0
Illustration of #oriana incomplete !! Sorry @jujojito i promise that I finishi it someday xDâ€¦ https://t.co/vj94jDtU9T,36.5333,-6.2833,-0.5
ding ding ding!!!!!!!!!!!,41.545639,1.893817,0.0
"The Old Age of Grotesque

#life #bohemian #light #heart #gay #madrid #bear #guys #grungeâ€¦ https://t.co/zeVmC8hhBx",40.45,-3.4833300000000005,0.09166666666666666
The #magical World of #dadsanddaughters And #unicorns @ La Latina-Madrid https://t.co/livHK1QOWl,40.41200125,-3.70970495,0.5
"â¡ Hoy Jueves 14 |22 h. | Full Laug con rap, funk, soul... @SoyCordobaes @GuiaGoCordoba @andalocio @MencantaCordob https://t.co/0gX5i5LeT4",37.896756,-4.8103592000000015,0.35
"Did I just give these birds my croissant?! @ Barcelona, Spain https://t.co/cHhEdxJA43",41.3833,2.18333,0.0
What is @GianluigiAtSAP looking at? VR used in machinery maintenance/production integrated with #SAPBusinessOne https://t.co/5i9ohy3i0r,41.40964379,2.21963917,0.0
At the top of a 12 km climb.  Breathtaking. @ Castle of Zahara de laâ€¦ https://t.co/klIbGeJjCq,36.838486,-5.390269,0.75
I just finished walking 5.14 km in 47m:40s with #Endomondo #endorphins https://t.co/PAtjaMUcWi,38.86900900000001,-6.9852895,0.0
"Just posted a video @ Madrid, Spain https://t.co/93TrszK2nd",40.4,-3.68333,0.0
"Oh Barcelona, your viewpoints are so pretty. ğŸ‘€ğŸ‘€

Spain makes me want to jump up and down andâ€¦ https://t.co/0dgSI9IzZV",41.3833,2.18333,0.04722222222222221
Lets start de Day enjoying the perfect breakfast with my husband @albertwaldorf! ğŸ‘¬ğŸ’Ÿâ€¦ https://t.co/y1BEmRSjG3,40.42728938,-3.70170038,0.75
Just posted a photo @ Sol y Padris (Sabadell) https://t.co/R8h2WtpDAZ,41.53648119,2.11908452,0.0
Just posted a photo @ Puerta del Sol Madrid https://t.co/KVucjuNAT1,40.41705548,-3.70353351,0.0
I just finished running 5.86 km in 33m:38s with #Endomondo #endorphins https://t.co/M299MNy6EO,42.615821,-5.6988330000000005,0.0
"""Concentrate all your thoughts upon the work at hand. The sun's rays don't burn until brought toâ€¦ https://t.co/0RAgEdjiEl",40.4,-3.68333,0.0
"Fear NOTHING ğŸ’ª Take RISKS ğŸ‘ŠâœŠğŸ‘Œ
#ibizasummer2016
YES WEâ€¦ https://t.co/P9daHBCHqb",38.90447139,1.42882407,0.0
Tomando algo con pablo (@ The Fitzgerald Burguer Company) https://t.co/TKSqZB04YT,38.967943,-0.181969,0.0
Just posted a photo @ El Real de la Feria de Abril https://t.co/0g4eK6dxb3,37.37018676,-5.99999846,0.2
Just posted a photo @ Feria de Abril de Sevilla https://t.co/qJtFJ0nHbX,37.37514,-5.99293,0.0
"Just posted a photo @ Barcelona, Spain https://t.co/WceLLP1jFW",41.3833,2.18333,0.0
I just finished walking 6.84 km in 1h:17m:42s with #Endomondo #endorphins https://t.co/Tv5HLllKh3,41.288446,1.9790330000000005,0.0
The best t-shirt ever #miorodemoscÃº #instacunit #concursinstacunit3 @ Cunit - Valparaiso Playa https://t.co/6YCbJ63jx7,41.19231419,1.62934062,1.0
"ğŸ®ğŸ® @ Madrid, Spain https://t.co/r9u88zBOzW",40.4,-3.68333,0.0
Damn these Spaniards have their shit together...una mas cerveza por f... (Cerdos Voladores) https://t.co/OFQVQ7rwNh #photo,41.3873,2.18046,-0.2
"ESN :  Spain falling far behind on admitting refugees: Last September, Spain pledged to bring in around 15,000â€¦ https://t.co/wIH0DRAIJm",40.41970731,-3.69855957,-0.10000000000000002
"ESN :  Dutch croquette maker Royaan targets Spain: Dutch croquette maker Royaan, which owns the Kwekkeboom and Vanâ€¦ https://t.co/mMXm728WPj",40.41970731,-3.69855957,0.0
"ESN :  'Price war' in Spain with larger bass, bream under pressure after mild winter: Higher volumes of mid-sizedâ€¦ https://t.co/RMX5zLySfR",40.41970731,-3.69855957,0.10833333333333332
#tb @ Spain https://t.co/0kSHamtUCc,40.0,-4.0,0.0
View of the day - from the roof terrace this morning â˜€ï¸ #Spain #Andalucia #Almeria #Garruchaâ€¦ https://t.co/NbUiCJEFtF,37.1985847,-1.8184788,0.0
ding ding!!!!!!!!!!!,41.545639,1.893817,0.0
"If you're a #Sales professional in #Campanillas, check out this #job: https://t.co/CafT2487tK #Hiring #CareerArc",36.7526615,-4.5593849,0.1
Thursday ğŸ™ŒğŸ» #thursday #jueves #jeudi #dentist #clinicadentaldesde1981 #esteticadentalâ€¦ https://t.co/6qKshz2JNM,39.47297655,-0.37746787,0.0
I'm at @CocaCola_es in Madrid https://t.co/RcNMq7yue6,40.46497018,-3.62388532,0.0
Nutella strawberry pancakes breakfast with my love #delicious #breakfast #fat #us #nutellaâ€¦ https://t.co/reCyIUUaQ7,41.3833,2.18333,0.75
Nice day for it. @ Montbrio https://t.co/irSOuh0q82,41.12155707,1.0069107,0.6
"Hello #throwbackthursday @ushuaiaibiza ğŸ˜ğŸ˜...

#throwback #tbt #ushuaia #ushuaiaibiza #towerâ€¦ https://t.co/bdd3ssXPOl",38.88509464,1.4053433000000002,0.0
"I'm at La Manon in Madrid City Center, Madrid https://t.co/Ry4IDZdd9i",40.42885246,-3.70109901,-0.1
"Primer helado de la temporada con mis periolistas! First ice cream of the season! 

#Bilbaoâ€¦ https://t.co/GenwtXfXUJ",43.2569,-2.9236,0.3125
I'm at Cerro de San Pedro https://t.co/aZVUFE74J6,40.7294,-3.7104,0.0
I'm at Pans &amp; Company - @pansandco in Valencia https://t.co/TXRCcOt1az https://t.co/rjh8cqOyP1,39.46832728,-0.37527452,0.0
Just posted a photo @ Loja Barrio Alto https://t.co/AAEw3qWrqq,37.1644636,-4.1418476,0.0
Just posted a photo @ El Real de la Feria de Abril https://t.co/qBb4z6diQ4,37.37018676,-5.99999846,0.2
ğŸ’œ I LOVE PERSONAL NOTES!! ğŸ’š Thanks fitgirlssquat2015 for the great service and fast delivery ğŸ˜â€¦ https://t.co/dAIK4U5ykI,41.3833,2.18333,0.33999999999999997
#QueVivaElPostu #MuseoRomantico @ Museum of Romanticism https://t.co/fU9ctZw3P3,40.425869,-3.698839,0.0
"Oh yeah 24 degrees, cervezas, piandina, and my love.... (Moritz) https://t.co/VgbVkFivFj #photo",41.3873,2.18046,0.5
Just posted a photo @ Estacion Atocha Renfe Madrid https://t.co/HqexMn1oBY,40.4064828,-3.69036763,0.0
"Just posted a photo @ Madrid, Spain https://t.co/JrFYLj4KKw",40.4,-3.68333,0.0
I just finished walking 2.34 km in 27m:01s with #Endomondo #endorphins https://t.co/wzJ1jTYAng,40.967498,-5.6783,0.0
Inteeeeeeeeeer!! ğŸ”ğŸ»ğŸ™ŒğŸ˜œ @ Playa Park https://t.co/3CFODLlsDU,38.99101948,-3.91473764,0.0
New brand. Rowing Together NGO #ngo #ong #branding #logo #logotipo #branding #graphicdesignâ€¦ https://t.co/Q2Yb3FbZlv,38.24467434,-0.8138778,0.13636363636363635
I was out walking 2.87 km with #Endomondo #endorphins https://t.co/Sau6Qwy8TC,42.595013,-5.589962,0.0
"#Repost @geralproeleven with repostapp.
ãƒ»ãƒ»ãƒ»
Sevilla X Athletic 
#europaleague #proeleven #UELâ€¦ https://t.co/IBXY8Hg3z7",37.3772,-5.98694,0.0
